1, 2, 1031200000, 4844, 8482
1, 3, 1033200000, 4844, 6683
1, 4, 1037200000, 31992, 6085
1, 5, 1042200000, 4844, 6085
1, 6, 1044200000, 4844, 6683
1, 7, 1045200000, 4844, 6085
1, 8, 1051200000, 267618, 6085
1, 9, 1053200000, 5482, 6085
1, 10, 1056200000, 4844, 5683
1, 11, 1068200000, 5085, 6326
1, 12, 1071200000, 75854, 4884
1, 13, 1084200000, 5085, 5125
1, 14, 1086200000, 32077, 33683
1, 15, 1087200000, 96848, 65857
1, 16, 1113200000, 4844, 6085
1, 17, 1118200000, 5482, 6085
1, 18, 1130200000, 5085, 48693
1, 19, 1132200000, 73078, 26521
1, 20, 1138200000, 4844, 6085
2, 3, 1141200000, 6683, 7125
2, 4, 1143200000, 25887, 28683
2, 5, 1144200000, 4844, 69482
2, 6, 1161200000, 5085, 6482
2, 7, 1170200000, 156278, 71884
2, 8, 1172200000, 205670, 508672
2, 9, 1178200000, 5085, 6326
2, 10, 1188200000, 5884, 164524
2, 11, 1198200000, 343189, 6085
2, 12, 1200200000, 35482, 4884
2, 13, 1202200000, 466280, 4884
2, 14, 1205200000, 5482, 6125
2, 15, 1212200000, 4844, 5683
2, 16, 1213200000, 4844, 383927
2, 17, 1218200000, 5683, 6683
2, 18, 1223200000, 7482, 592683
2, 19, 1225200000, 4844, 6085
2, 20, 1226200000, 69482, 6085
3, 4, 1240200000, 6683, 7125
3, 5, 1241200000, 4844, 6482
3, 6, 1248200000, 44203, 6085
3, 7, 1256200000, 6683, 6085
3, 8, 1264200000, 380165, 381482
3, 9, 1272200000, 6482, 6085
3, 10, 1275200000, 50482, 6482
3, 11, 1285200000, 6482, 6326
3, 12, 1289200000, 4884, 37736
3, 13, 1291200000, 363923, 5482
3, 14, 1303200000, 6482, 7482
3, 15, 1308200000, 4844, 4884
3, 16, 1311200000, 6683, 6085
3, 17, 1315200000, 4844, 6085
3, 18, 1334200000, 5085, 7482
3, 19, 1336200000, 4844, 6085
3, 20, 1346200000, 4844, 6085
4, 5, 1350200000, 12482, 11387
4, 6, 1358200000, 7892, 6085
4, 8, 1376200000, 4884, 73480
4, 9, 1377200000, 5482, 6683
4, 10, 1395200000, 5683, 4884
4, 11, 1398200000, 212532, 200683
4, 12, 1402200000, 4844, 5482
4, 13, 1408200000, 5085, 5125
4, 14, 1412200000, 173683, 174333
4, 15, 1414200000, 4844, 4884
4, 16, 1427200000, 5482, 6085
4, 17, 1428200000, 4844, 6482
4, 18, 1430200000, 5085, 6326
4, 19, 1443200000, 6482, 6085
4, 20, 1446200000, 5884, 6085
5, 6, 1451200000, 6482, 6085
5, 7, 1455200000, 479308, 480549
5, 8, 1469200000, 4844, 6085
5, 9, 1478200000, 5884, 6884
5, 10, 1486200000, 18340, 50300
5, 11, 1489200000, 393124, 394482
5, 12, 1491200000, 4884, 5482
5, 13, 1492200000, 5683, 6482
5, 14, 1495200000, 5085, 7482
5, 15, 1496200000, 33117, 74856
5, 16, 1497200000, 12884, 13074
5, 17, 1503200000, 4844, 6085
5, 18, 1504200000, 5085, 6683
5, 19, 1508200000, 4844, 327233
5, 20, 1511200000, 5884, 6085
6, 7, 1512200000, 4844, 75368
6, 8, 1514200000, 5085, 6326
6, 9, 1515200000, 4844, 6085
6, 10, 1533200000, 5683, 6482
6, 11, 1534200000, 4844, 6085
6, 12, 1536200000, 80008, 5125
6, 13, 1538200000, 4844, 5482
6, 14, 1544200000, 4844, 6683
6, 15, 1546200000, 100482, 4884
6, 16, 1548200000, 5482, 6125
6, 17, 1549200000, 4844, 133007
6, 18, 1552200000, 4844, 6085
6, 19, 1554200000, 5482, 343261
6, 20, 1557200000, 4844, 7326
7, 8, 1561200000, 4844, 625942
7, 9, 1565200000, 56482, 6085
7, 10, 1584200000, 5085, 5125
7, 11, 1587200000, 5683, 54511
7, 12, 1588200000, 4844, 6482
7, 13, 1590200000, 33438, 4884
7, 14, 1593200000, 4844, 30783
7, 15, 1598200000, 5085, 5125
7, 16, 1606200000, 4844, 6085
7, 17, 1610200000, 4884, 274751
7, 18, 1617200000, 5683, 56482
7, 19, 1619200000, 8372, 6085
7, 20, 1623200000, 4884, 6085
8, 9, 1624200000, 4844, 6085
8, 10, 1629200000, 5482, 5482
8, 11, 1631200000, 5482, 6482
8, 12, 1641200000, 5085, 5125
8, 13, 1645200000, 4884, 4924
8, 14, 1647200000, 4844, 6683
8, 15, 1656200000, 6482, 5482
8, 16, 1658200000, 595190, 6085
8, 17, 1662200000, 5482, 27940
8, 18, 1664200000, 51683, 53004
8, 19, 1668200000, 4844, 29377
8, 20, 1674200000, 4884, 6683
9, 10, 1678200000, 4844, 4884
9, 11, 1679200000, 32147, 19482
9, 12, 1684200000, 5482, 68482
9, 13, 1687200000, 4844, 4884
9, 14, 1690200000, 4844, 6482
9, 15, 1693200000, 4844, 4884
9, 16, 1700200000, 539343, 6085
9, 17, 1706200000, 4844, 6085
9, 18, 1712200000, 104252, 6482
9, 19, 1714200000, 5683, 84482
9, 20, 1715200000, 5683, 6924
10, 11, 1722200000, 6944, 6085
10, 12, 1726200000, 3643, 4884
10, 13, 1727200000, 16635, 18482
10, 14, 1736200000, 430096, 553683
10, 15, 1741200000, 3643, 4884
10, 16, 1749200000, 3643, 494635
10, 17, 1758200000, 292063, 635482
10, 18, 1761200000, 4683, 6085
10, 19, 1765200000, 93893, 177146
10, 20, 1774200000, 3643, 6085
11, 12, 1779200000, 4884, 4924
11, 13, 1780200000, 25231, 4924
11, 14, 1793200000, 85695, 6085
11, 15, 1799200000, 7169, 4884
11, 16, 1805200000, 441247, 6482
11, 17, 1809200000, 5884, 6482
11, 18, 1816200000, 6482, 106481
11, 19, 1821200000, 599482, 16308
11, 20, 1826200000, 5884, 6085
12, 13, 1828200000, 10708, 13482
12, 14, 1834200000, 4482, 6683
12, 15, 1837200000, 3643, 577147
12, 16, 1841200000, 3643, 6085
12, 17, 1861200000, 4683, 63117
12, 18, 1862200000, 4683, 7125
12, 19, 1863200000, 4482, 6326
12, 20, 1866200000, 40110, 6085
13, 14, 1869200000, 479933, 54754
13, 15, 1873200000, 552035, 5482
13, 16, 1875200000, 70683, 534632
13, 17, 1876200000, 3643, 11784
13, 18, 1885200000, 69482, 71088
13, 19, 1888200000, 4683, 6085
13, 20, 1896200000, 3643, 633090
14, 15, 1900200000, 4844, 4884
14, 16, 1902200000, 4844, 6085
14, 17, 1918200000, 4844, 6085
14, 18, 1926200000, 4844, 6085
14, 19, 1930200000, 4844, 6482
14, 20, 1933200000, 4844, 6683
15, 16, 1934200000, 35482, 6085
15, 17, 1939200000, 80040, 83683
15, 18, 1950200000, 40150, 6085
15, 19, 1952200000, 4482, 6326
15, 20, 1954200000, 57462, 6085
16, 17, 1955200000, 4844, 6085
16, 18, 1960200000, 4844, 174062
16, 19, 1983200000, 5683, 28931
16, 20, 1987200000, 4844, 6683
17, 18, 2005200000, 4844, 6085
17, 19, 2008200000, 77095, 6085
17, 20, 2015200000, 4844, 6085
18, 19, 2020200000, 104646, 6085
18, 20, 2026200000, 4844, 6085
19, 20, 2029200000, 5683, 6085
1, 2, 2031200000, 4844, 6085
1, 3, 2033200000, 5085, 7683
1, 4, 2037200000, 4844, 6884
1, 5, 2042200000, 62117, 6085
1, 6, 2044200000, 4844, 6085
1, 7, 2045200000, 4844, 202683
1, 8, 2051200000, 5482, 153683
1, 9, 2053200000, 93849, 6085
1, 10, 2056200000, 295909, 4884
1, 11, 2068200000, 4844, 6683
1, 12, 2071200000, 5085, 195482
1, 13, 2084200000, 5884, 5482
1, 14, 2086200000, 145096, 6482
1, 15, 2087200000, 4844, 114655
1, 16, 2113200000, 4844, 6085
1, 17, 2118200000, 5085, 6683
1, 18, 2130200000, 6482, 6085
1, 19, 2132200000, 90211, 6884
1, 20, 2138200000, 5683, 6085
2, 3, 2141200000, 35431, 66074
2, 4, 2143200000, 4844, 6482
2, 5, 2144200000, 4844, 431455
2, 6, 2161200000, 4844, 6085
2, 7, 2170200000, 462934, 376124
2, 8, 2172200000, 220945, 6085
2, 9, 2178200000, 5482, 293858
2, 10, 2188200000, 180833, 5482
2, 11, 2198200000, 4844, 7482
2, 12, 2200200000, 4844, 5683
2, 13, 2202200000, 4844, 4884
2, 14, 2205200000, 97705, 100187
2, 15, 2212200000, 5884, 4884
2, 16, 2213200000, 5884, 6482
2, 17, 2218200000, 4884, 6085
2, 18, 2223200000, 5085, 22424
2, 19, 2225200000, 36732, 6085
2, 20, 2226200000, 4884, 38194
3, 4, 2240200000, 4884, 6125
3, 5, 2241200000, 4884, 6085
3, 6, 2248200000, 4844, 6085
3, 7, 2256200000, 5884, 11683
3, 8, 2264200000, 36973, 6085
3, 9, 2272200000, 261088, 262884
3, 10, 2275200000, 136435, 4884
3, 11, 2285200000, 4844, 53986
3, 12, 2289200000, 4884, 5683
3, 13, 2291200000, 4844, 4884
3, 14, 2303200000, 4844, 6085
3, 15, 2308200000, 5085, 52482
3, 16, 2311200000, 4884, 6482
3, 17, 2315200000, 408216, 409482
3, 18, 2334200000, 5884, 6085
3, 19, 2336200000, 69102, 6085
3, 20, 2346200000, 890237, 6085
4, 5, 2350200000, 133482, 134683
4, 6, 2358200000, 4844, 6085
4, 7, 2361200000, 4844, 223773
4, 8, 2376200000, 5482, 6326
4, 9, 2377200000, 4844, 106169
4, 10, 2395200000, 23999, 5683
4, 11, 2398200000, 4844, 6085
4, 12, 2402200000, 6205, 4884
4, 13, 2408200000, 5085, 5482
4, 14, 2412200000, 64482, 65482
4, 15, 2414200000, 6482, 61876
4, 16, 2427200000, 4844, 6085
4, 17, 2428200000, 4844, 6085
4, 18, 2430200000, 5884, 6085
4, 19, 2443200000, 4844, 6085
4, 20, 2446200000, 5884, 6683
5, 6, 2451200000, 127350, 73083
5, 7, 2455200000, 4844, 74926
5, 8, 2469200000, 5884, 566895
5, 9, 2478200000, 5482, 153341
5, 10, 2486200000, 5884, 69066
5, 11, 2489200000, 4884, 79425
5, 12, 2491200000, 609826, 5683
5, 13, 2492200000, 224121, 5125
5, 14, 2495200000, 4844, 6085
5, 15, 2496200000, 4844, 4884
5, 16, 2497200000, 24683, 6085
5, 17, 2503200000, 5085, 6326
5, 18, 2504200000, 35527, 456967
5, 19, 2508200000, 4884, 6125
5, 20, 2511200000, 6482, 6085
6, 7, 2512200000, 4844, 6085
6, 8, 2514200000, 4844, 6884
6, 9, 2515200000, 6482, 7683
6, 10, 2533200000, 5884, 244482
6, 11, 2534200000, 4844, 350671
6, 12, 2536200000, 4844, 5482
6, 13, 2538200000, 205711, 4884
6, 14, 2544200000, 5683, 6085
6, 15, 2546200000, 71918, 5125
6, 16, 2548200000, 4844, 6085
6, 17, 2549200000, 77482, 6085
6, 18, 2552200000, 4844, 6085
6, 19, 2554200000, 5884, 49541
6, 20, 2557200000, 5683, 6085
7, 8, 2561200000, 205414, 6884
7, 9, 2565200000, 4844, 6482
7, 10, 2584200000, 4884, 25961
7, 11, 2587200000, 6482, 6482
7, 12, 2588200000, 5683, 46412
7, 13, 2590200000, 6482, 4884
7, 14, 2593200000, 4884, 6085
7, 15, 2598200000, 6482, 4884
7, 16, 2606200000, 4844, 6482
7, 17, 2610200000, 6683, 6085
7, 18, 2617200000, 5683, 7482
7, 19, 2619200000, 21685, 24482
7, 20, 2623200000, 5683, 6085
8, 9, 2624200000, 5884, 6683
8, 10, 2629200000, 41622, 88507
8, 11, 2631200000, 5884, 7125
8, 12, 2641200000, 5482, 4884
8, 13, 2645200000, 34005, 34045
8, 14, 2647200000, 136321, 6326
8, 15, 2656200000, 5482, 4884
8, 16, 2658200000, 176286, 39102
8, 17, 2662200000, 4844, 6085
8, 18, 2664200000, 4844, 7482
8, 19, 2668200000, 365485, 6482
8, 20, 2674200000, 4844, 33193
9, 10, 2678200000, 5085, 5125
9, 11, 2679200000, 5085, 43391
9, 12, 2684200000, 5482, 5482
9, 13, 2687200000, 5085, 5125
9, 14, 2690200000, 5683, 11338
9, 15, 2693200000, 233232, 5125
9, 16, 2700200000, 5683, 7567
9, 17, 2706200000, 5482, 6085
9, 18, 2712200000, 4884, 6884
9, 19, 2714200000, 96482, 345461
9, 20, 2715200000, 4844, 6085
10, 11, 2722200000, 30229, 6085
10, 12, 2726200000, 3643, 4884
10, 13, 2727200000, 3643, 4884
10, 14, 2736200000, 307827, 6085
10, 15, 2741200000, 3643, 411552
10, 16, 2749200000, 4683, 6884
10, 17, 2758200000, 88868, 6085
10, 18, 2761200000, 74256, 76884
10, 19, 2765200000, 3683, 6085
10, 20, 2774200000, 4683, 6085
11, 12, 2779200000, 54372, 33708
11, 13, 2780200000, 5482, 4884
11, 14, 2793200000, 4844, 45725
11, 15, 2799200000, 4844, 516035
11, 16, 2805200000, 4844, 6085
11, 17, 2809200000, 94884, 95496
11, 18, 2816200000, 5884, 7125
11, 19, 2821200000, 4844, 41427
11, 20, 2826200000, 4844, 128955
12, 13, 2828200000, 28100, 6125
12, 14, 2834200000, 3683, 6085
12, 15, 2837200000, 4482, 5482
12, 16, 2841200000, 64692, 6326
12, 17, 2861200000, 49308, 170810
12, 18, 2862200000, 49554, 6085
12, 19, 2863200000, 51919, 6482
12, 20, 2866200000, 4683, 6085
13, 14, 2869200000, 3683, 6085
13, 15, 2873200000, 56739, 14482
13, 16, 2875200000, 4482, 7482
13, 17, 2876200000, 4683, 218542
13, 18, 2885200000, 3643, 8482
13, 19, 2888200000, 4683, 376201
13, 20, 2896200000, 3643, 6085
14, 15, 2900200000, 5884, 5482
14, 16, 2902200000, 5482, 6482
14, 17, 2918200000, 5884, 6085
14, 18, 2926200000, 4884, 6085
14, 19, 2930200000, 5884, 12843
14, 20, 2933200000, 5085, 6326
15, 16, 2934200000, 35531, 6326
15, 18, 2950200000, 3643, 6085
15, 19, 2952200000, 3884, 6884
15, 20, 2954200000, 3643, 33470
16, 17, 2955200000, 4884, 6125
16, 19, 2983200000, 4884, 43355
16, 20, 2987200000, 5884, 7125
17, 18, 3005200000, 5085, 7482
17, 19, 3008200000, 5085, 57045
17, 20, 3015200000, 32683, 33924
18, 19, 3020200000, 5683, 6884
18, 20, 3026200000, 4884, 6085
19, 20, 3029200000, 4884, 6085
1, 2, 3031200000, 4844, 6683
1, 3, 3033200000, 4844, 6085
1, 4, 3037200000, 4844, 6482
1, 5, 3042200000, 4844, 6683
1, 6, 3044200000, 5683, 6085
1, 7, 3045200000, 77733, 64939
1, 8, 3051200000, 4844, 6085
1, 9, 3053200000, 58105, 59346
1, 10, 3056200000, 4844, 4884
1, 11, 3068200000, 5683, 6085
1, 12, 3071200000, 4844, 35823
1, 13, 3084200000, 36230, 4884
1, 14, 3086200000, 4844, 6482
1, 15, 3087200000, 157312, 4884
1, 16, 3113200000, 4844, 49380
1, 17, 3118200000, 5482, 6326
1, 18, 3130200000, 48706, 51848
1, 19, 3132200000, 4844, 6085
1, 20, 3138200000, 4844, 6683
2, 3, 3141200000, 4884, 6125
2, 4, 3143200000, 12632, 15114
2, 5, 3144200000, 172104, 469683
2, 6, 3161200000, 96683, 29819
2, 7, 3170200000, 60582, 62884
2, 8, 3172200000, 4884, 6085
2, 9, 3178200000, 4844, 6085
2, 10, 3188200000, 5085, 5125
2, 11, 3198200000, 84256, 612067
2, 12, 3200200000, 4844, 4884
2, 13, 3202200000, 5884, 4884
2, 14, 3205200000, 4884, 6125
2, 15, 3212200000, 5085, 5482
2, 16, 3213200000, 376683, 377884
2, 17, 3218200000, 248570, 249811
2, 18, 3223200000, 6482, 6085
2, 19, 3225200000, 6482, 7482
2, 20, 3226200000, 4844, 6085
3, 4, 3240200000, 5482, 6085
3, 5, 3241200000, 4844, 607826
3, 6, 3248200000, 622482, 6085
3, 7, 3256200000, 5683, 46649
3, 8, 3264200000, 85936, 6085
3, 9, 3272200000, 4884, 6085
3, 10, 3275200000, 5085, 5125
3, 11, 3285200000, 5884, 104482
3, 12, 3289200000, 5683, 15482
3, 13, 3291200000, 62482, 62242
3, 14, 3303200000, 5085, 6482
3, 15, 3308200000, 5085, 5125
3, 16, 3311200000, 5884, 6085
3, 17, 3315200000, 79683, 103436
3, 18, 3334200000, 5683, 635840
3, 19, 3336200000, 5683, 6085
3, 20, 3346200000, 123336, 82723
4, 5, 3350200000, 74649, 88382
4, 6, 3358200000, 5085, 6683
4, 7, 3361200000, 5482, 65172
4, 8, 3376200000, 4844, 6085
4, 9, 3377200000, 5085, 6326
4, 10, 3395200000, 5683, 4884
4, 11, 3398200000, 5482, 6683
4, 12, 3402200000, 303595, 4884
4, 13, 3408200000, 5482, 5482
4, 14, 3412200000, 51031, 6085
4, 15, 3414200000, 4844, 4884
4, 16, 3427200000, 184683, 184875
4, 17, 3428200000, 5085, 7482
4, 18, 3430200000, 4844, 6085
4, 19, 3443200000, 4844, 350482
4, 20, 3446200000, 406683, 6085
5, 6, 3451200000, 84482, 6482
5, 7, 3455200000, 488557, 471482
5, 8, 3469200000, 6482, 6085
5, 9, 3478200000, 4844, 6085
5, 10, 3486200000, 65170, 4884
5, 11, 3489200000, 4884, 6085
5, 12, 3491200000, 4844, 4884
5, 13, 3492200000, 4844, 4884
5, 14, 3495200000, 52580, 6482
5, 15, 3496200000, 4844, 4884
5, 16, 3497200000, 387754, 6683
5, 17, 3503200000, 5884, 6326
5, 18, 3504200000, 398437, 400884
5, 19, 3508200000, 15482, 7125
5, 20, 3511200000, 4844, 483825
6, 7, 3512200000, 6683, 6326
6, 8, 3514200000, 4844, 6482
6, 9, 3515200000, 79585, 7366
6, 11, 3534200000, 4844, 6085
6, 10, 3533200000, 603232, 1122482
6, 12, 3536200000, 106381, 4884
6, 13, 3538200000, 5482, 4884
6, 14, 3544200000, 4844, 6085
6, 15, 3546200000, 5683, 109997
6, 16, 3548200000, 6290, 7531
6, 17, 3549200000, 5683, 6085
6, 18, 3552200000, 4844, 6085
6, 19, 3554200000, 11748, 7482
6, 20, 3557200000, 4844, 620384
7, 8, 3561200000, 40588, 107070
7, 9, 3565200000, 641776, 6884
7, 10, 3584200000, 5482, 25927
7, 11, 3587200000, 45174, 46415
7, 12, 3588200000, 4884, 5683
7, 13, 3590200000, 4844, 5683
7, 14, 3593200000, 132525, 6085
7, 15, 3598200000, 138068, 5125
7, 16, 3606200000, 5085, 6326
7, 17, 3610200000, 584021, 531075
7, 18, 3617200000, 4844, 6085
7, 19, 3619200000, 5683, 6085
7, 20, 3623200000, 4844, 6085
8, 9, 3624200000, 530006, 39700
8, 10, 3629200000, 4844, 189499
8, 11, 3631200000, 4844, 6085
8, 12, 3641200000, 6482, 4884
8, 13, 3645200000, 136113, 6125
8, 14, 3647200000, 51357, 54482
8, 15, 3656200000, 32884, 32358
8, 16, 3658200000, 5085, 6326
8, 17, 3662200000, 4844, 6085
8, 18, 3664200000, 5085, 6326
8, 19, 3668200000, 506726, 42186
8, 20, 3674200000, 5482, 6085
9, 10, 3678200000, 4844, 4884
9, 11, 3679200000, 4884, 6085
9, 12, 3684200000, 4844, 4884
9, 13, 3687200000, 5683, 4884
9, 14, 3690200000, 4844, 6085
9, 15, 3693200000, 4844, 4884
9, 16, 3700200000, 4844, 58873
9, 17, 3706200000, 4844, 6085
9, 18, 3712200000, 5085, 6683
9, 19, 3714200000, 4844, 6482
9, 20, 3715200000, 5085, 6326
10, 11, 3722200000, 3643, 12427
10, 12, 3726200000, 71123, 111861
10, 13, 3727200000, 3643, 4884
10, 14, 3736200000, 3643, 6085
10, 15, 3741200000, 123929, 5125
10, 16, 3749200000, 93482, 96884
10, 18, 3761200000, 4683, 6085
10, 19, 3765200000, 48951, 51393
10, 20, 3774200000, 3643, 6085
11, 12, 3779200000, 29128, 29482
11, 13, 3780200000, 4844, 4884
11, 14, 3793200000, 4884, 6085
11, 15, 3799200000, 5085, 272131
11, 16, 3805200000, 5482, 6683
11, 17, 3809200000, 405172, 383753
11, 18, 3816200000, 393192, 394433
11, 19, 3821200000, 50790, 7683
11, 20, 3826200000, 5884, 6085
12, 13, 3828200000, 3643, 4884
12, 14, 3834200000, 3884, 6884
12, 15, 3837200000, 68829, 5482
12, 16, 3841200000, 63487, 23834
12, 17, 3861200000, 546092, 548534
12, 18, 3862200000, 549521, 6125
12, 19, 3863200000, 3643, 6085
12, 20, 3866200000, 3643, 50786
13, 14, 3869200000, 4683, 6085
13, 15, 3873200000, 3643, 5683
13, 16, 3875200000, 44729, 6326
13, 17, 3876200000, 4482, 6085
13, 18, 3885200000, 4482, 6085
13, 19, 3888200000, 4482, 6884
13, 20, 3896200000, 3643, 7482
14, 15, 3900200000, 505441, 4884
14, 16, 3902200000, 4844, 6482
14, 17, 3918200000, 6683, 20460
14, 18, 3926200000, 4884, 54482
14, 19, 3930200000, 46613, 470683
14, 20, 3933200000, 5884, 6683
15, 16, 3934200000, 81482, 6326
15, 17, 3939200000, 4482, 6085
15, 18, 3950200000, 97019, 6482
15, 19, 3952200000, 535340, 6085
15, 20, 3954200000, 4482, 6085
16, 17, 3955200000, 4844, 340548
16, 18, 3960200000, 4884, 6085
16, 19, 3983200000, 9482, 439482
16, 20, 3987200000, 4844, 6085
17, 18, 4005200000, 4844, 6085
17, 19, 4008200000, 4844, 6884
17, 20, 4015200000, 6482, 6924
18, 19, 4020200000, 149456, 14712
18, 20, 4026200000, 17291, 6085
19, 20, 4029200000, 5884, 6326
1, 2, 4031200000, 4844, 6085
1, 3, 4033200000, 56092, 6683
1, 4, 4037200000, 31269, 6884
1, 5, 4042200000, 5482, 6085
1, 6, 4044200000, 94411, 6085
1, 7, 4045200000, 4844, 6085
1, 8, 4051200000, 5884, 6085
1, 9, 4053200000, 4844, 6683
1, 10, 4056200000, 5683, 234482
1, 11, 4068200000, 5482, 268286
1, 12, 4071200000, 138344, 4884
1, 13, 4084200000, 5884, 40427
1, 14, 4086200000, 5884, 13391
1, 15, 4087200000, 4844, 4884
1, 16, 4113200000, 4844, 6085
1, 17, 4118200000, 4844, 6482
1, 18, 4130200000, 5085, 6683
1, 19, 4132200000, 4884, 6085
1, 20, 4138200000, 5884, 7482
2, 3, 4141200000, 5884, 41905
2, 4, 4143200000, 4884, 6125
2, 5, 4144200000, 4884, 6085
2, 6, 4161200000, 4844, 184560
2, 8, 4172200000, 5683, 6085
2, 9, 4178200000, 15683, 6482
2, 10, 4188200000, 6683, 63389
2, 11, 4198200000, 152934, 344912
2, 12, 4200200000, 4844, 4884
2, 13, 4202200000, 5085, 5125
2, 14, 4205200000, 638609, 598942
2, 15, 4212200000, 4844, 4884
2, 16, 4213200000, 131009, 80482
2, 17, 4218200000, 39482, 6326
2, 18, 4223200000, 5683, 6085
2, 19, 4225200000, 4844, 6482
2, 20, 4226200000, 4884, 15636
3, 4, 4240200000, 167473, 7567
3, 5, 4241200000, 4844, 6884
3, 6, 4248200000, 409482, 18492
3, 7, 4256200000, 5683, 6085
3, 8, 4264200000, 6683, 6085
3, 9, 4272200000, 4844, 6085
3, 10, 4275200000, 6683, 421568
3, 11, 4285200000, 5482, 6085
3, 12, 4289200000, 42074, 4884
3, 13, 4291200000, 5482, 4884
3, 14, 4303200000, 37391, 38632
3, 15, 4308200000, 5085, 70552
3, 16, 4311200000, 5085, 163482
3, 17, 4315200000, 4844, 6085
3, 18, 4334200000, 5683, 6085
3, 19, 4336200000, 340662, 240629
3, 20, 4346200000, 5085, 7482
4, 5, 4350200000, 638749, 533683
4, 6, 4358200000, 4884, 6085
4, 7, 4361200000, 64853, 122683
4, 8, 4376200000, 5085, 38330
4, 9, 4377200000, 4884, 6482
4, 10, 4395200000, 47818, 4884
4, 11, 4398200000, 5482, 54683
4, 12, 4402200000, 5884, 5125
4, 13, 4408200000, 21549, 4884
4, 14, 4412200000, 95134, 6482
4, 15, 4414200000, 178482, 240257
4, 16, 4427200000, 124054, 6085
4, 17, 4428200000, 49800, 47482
4, 18, 4430200000, 5884, 17683
4, 19, 4443200000, 4884, 28829
4, 20, 4446200000, 57482, 6482
5, 6, 4451200000, 389780, 280124
5, 7, 4455200000, 4844, 6085
5, 8, 4469200000, 4844, 6085
5, 9, 4478200000, 4844, 141008
5, 10, 4486200000, 4884, 410867
5, 11, 4489200000, 4844, 6085
5, 12, 4491200000, 5884, 153779
5, 13, 4492200000, 5683, 4884
5, 14, 4495200000, 18822, 20063
5, 15, 4496200000, 5884, 4884
5, 16, 4497200000, 4844, 6884
5, 17, 4503200000, 4844, 6085
5, 18, 4504200000, 5683, 6085
5, 19, 4508200000, 21348, 6482
5, 20, 4511200000, 5482, 8482
6, 7, 4512200000, 4844, 6884
6, 8, 4514200000, 5482, 6884
6, 9, 4515200000, 4844, 6085
6, 10, 4533200000, 74482, 74408
6, 11, 4534200000, 5683, 6085
6, 12, 4536200000, 5683, 5482
6, 13, 4538200000, 4844, 4884
6, 14, 4544200000, 4844, 6085
6, 15, 4546200000, 4844, 5683
6, 16, 4548200000, 4844, 6085
6, 17, 4549200000, 4844, 6085
6, 18, 4552200000, 301606, 303683
6, 19, 4554200000, 4844, 492834
6, 20, 4557200000, 33398, 18825
7, 8, 4561200000, 18998, 75482
7, 9, 4565200000, 45970, 6085
7, 10, 4584200000, 5683, 4884
7, 11, 4587200000, 4884, 127786
7, 12, 4588200000, 5482, 6482
7, 13, 4590200000, 4884, 4884
7, 14, 4593200000, 18482, 65683
7, 15, 4598200000, 10503, 19652
7, 16, 4606200000, 4844, 35482
7, 17, 4610200000, 4844, 46482
7, 18, 4617200000, 5884, 6085
7, 19, 4619200000, 4844, 6482
7, 20, 4623200000, 25646, 6085
8, 9, 4624200000, 42922, 44163
8, 10, 4629200000, 11110, 11150
8, 11, 4631200000, 4844, 39499
8, 12, 4641200000, 4844, 4884
8, 13, 4645200000, 4884, 4924
8, 14, 4647200000, 4844, 6085
8, 15, 4656200000, 41110, 5683
8, 16, 4658200000, 447883, 449124
8, 17, 4662200000, 4844, 6085
8, 18, 4664200000, 67901, 6482
8, 19, 4668200000, 596582, 79865
8, 20, 4674200000, 4884, 6085
9, 10, 4678200000, 4844, 55482
9, 11, 4679200000, 4844, 6085
9, 12, 4684200000, 5085, 9780
9, 13, 4687200000, 5482, 4884
9, 14, 4690200000, 27373, 6085
9, 15, 4693200000, 4884, 5482
9, 16, 4700200000, 5884, 7125
9, 17, 4706200000, 5482, 6085
9, 18, 4712200000, 5482, 6884
9, 19, 4714200000, 6405, 6482
9, 20, 4715200000, 6482, 6924
10, 11, 4722200000, 137964, 249828
10, 12, 4726200000, 3643, 4884
10, 13, 4727200000, 4683, 5683
10, 14, 4736200000, 29482, 31390
10, 15, 4741200000, 9021, 4884
10, 17, 4758200000, 4482, 7482
10, 18, 4761200000, 3643, 6482
10, 19, 4765200000, 16657, 570236
10, 20, 4774200000, 4683, 6482
11, 12, 4779200000, 4884, 4924
11, 13, 4780200000, 5085, 5125
11, 14, 4793200000, 5683, 6085
11, 15, 4799200000, 4844, 5683
11, 16, 4805200000, 4844, 6085
11, 17, 4809200000, 5884, 6085
11, 18, 4816200000, 4884, 6125
11, 19, 4821200000, 570991, 572232
11, 20, 4826200000, 4844, 6085
12, 13, 4828200000, 3683, 4924
12, 14, 4834200000, 3643, 501482
12, 15, 4837200000, 58422, 6482
12, 16, 4841200000, 3643, 6085
12, 17, 4861200000, 3683, 6085
12, 18, 4862200000, 4683, 7125
12, 19, 4863200000, 101073, 50973
12, 20, 4866200000, 90519, 115285
13, 14, 4869200000, 7575, 6085
13, 15, 4873200000, 4482, 4884
13, 16, 4875200000, 4683, 6884
13, 17, 4876200000, 3643, 83482
13, 18, 4885200000, 4683, 7125
13, 19, 4888200000, 4482, 88096
13, 20, 4896200000, 3643, 6085
14, 15, 4900200000, 67973, 4884
14, 16, 4902200000, 5884, 7683
14, 17, 4918200000, 63152, 6326
14, 18, 4926200000, 4844, 7482
14, 19, 4930200000, 4844, 166956
14, 20, 4933200000, 4844, 6482
15, 16, 4934200000, 4683, 6683
15, 17, 4939200000, 4482, 6482
15, 18, 4950200000, 4683, 6085
15, 19, 4952200000, 64692, 6482
15, 20, 4954200000, 3643, 6085
16, 17, 4955200000, 4844, 626147
16, 18, 4960200000, 4844, 193567
16, 19, 4983200000, 4844, 6085
16, 20, 4987200000, 229524, 9482
17, 18, 5005200000, 67417, 6884
17, 19, 5008200000, 4844, 463683
17, 20, 5015200000, 4884, 6125
18, 19, 5020200000, 161812, 187009
18, 20, 5026200000, 4844, 6085
19, 20, 5029200000, 4844, 6085
1, 2, 5031200000, 5085, 6326
1, 3, 5033200000, 5085, 6326
1, 4, 5037200000, 347510, 6326
1, 5, 5042200000, 4844, 45524
1, 6, 5044200000, 5683, 58574
1, 7, 5045200000, 5085, 6884
1, 8, 5051200000, 5482, 6326
1, 9, 5053200000, 409711, 74400
1, 10, 5056200000, 6482, 17492
1, 11, 5068200000, 5482, 6085
1, 12, 5071200000, 475521, 4884
1, 13, 5084200000, 5085, 326967
1, 14, 5086200000, 4884, 74259
1, 15, 5087200000, 48581, 5125
1, 16, 5113200000, 4844, 6085
1, 17, 5118200000, 5884, 7482
1, 18, 5130200000, 148192, 73565
1, 19, 5132200000, 6683, 6085
1, 20, 5138200000, 626297, 6085
2, 3, 5141200000, 24606, 25847
2, 4, 5143200000, 5085, 22665
2, 5, 5144200000, 5683, 6683
2, 6, 5161200000, 371787, 265003
2, 7, 5170200000, 4844, 370683
2, 8, 5172200000, 90338, 7482
2, 9, 5178200000, 4844, 6085
2, 10, 5188200000, 4844, 605767
2, 11, 5198200000, 5683, 86450
2, 12, 5200200000, 4844, 4884
2, 13, 5202200000, 4844, 5683
2, 14, 5205200000, 36482, 36692
2, 15, 5212200000, 86494, 4884
2, 16, 5213200000, 4884, 6085
2, 17, 5218200000, 5085, 53513
2, 18, 5223200000, 4844, 7683
2, 19, 5225200000, 5085, 6326
2, 20, 5226200000, 4844, 6085
3, 4, 5240200000, 62278, 65482
3, 5, 5241200000, 5884, 6085
3, 6, 5248200000, 4844, 6884
3, 7, 5256200000, 4844, 6085
3, 8, 5264200000, 5884, 49059
3, 9, 5272200000, 4884, 6085
3, 10, 5275200000, 5683, 4884
3, 11, 5285200000, 18581, 20482
3, 12, 5289200000, 4884, 370827
3, 13, 5291200000, 5683, 49545
3, 14, 5303200000, 17482, 18562
3, 15, 5308200000, 463362, 4884
3, 16, 5311200000, 4844, 6683
3, 17, 5315200000, 4844, 154891
3, 18, 5334200000, 52080, 53482
3, 19, 5336200000, 5482, 6683
3, 20, 5346200000, 5683, 6085
4, 5, 5350200000, 73272, 107184
4, 6, 5358200000, 65491, 6884
4, 7, 5361200000, 4844, 6683
4, 8, 5376200000, 4844, 6085
4, 9, 5377200000, 5085, 7482
4, 10, 5395200000, 5884, 4884
4, 11, 5398200000, 472244, 6085
4, 12, 5402200000, 4884, 4884
4, 13, 5408200000, 64884, 64683
4, 14, 5412200000, 5085, 9482
4, 15, 5414200000, 4884, 14600
4, 16, 5427200000, 5085, 6326
4, 17, 5428200000, 89314, 222726
4, 18, 5430200000, 107414, 357923
4, 19, 5443200000, 4844, 6683
4, 20, 5446200000, 48023, 6085
5, 6, 5451200000, 576385, 7482
5, 7, 5455200000, 4884, 7366
5, 8, 5469200000, 534482, 535524
5, 9, 5478200000, 5683, 6085
5, 10, 5486200000, 35899, 4884
5, 11, 5489200000, 4884, 6085
5, 12, 5491200000, 5884, 4884
5, 13, 5492200000, 4844, 5482
5, 14, 5495200000, 4844, 25963
5, 15, 5496200000, 4844, 254041
5, 16, 5497200000, 4884, 157959
5, 17, 5503200000, 5683, 6482
5, 18, 5504200000, 5683, 6683
5, 19, 5508200000, 4884, 364593
5, 20, 5511200000, 541884, 543482
6, 7, 5512200000, 5683, 6482
6, 8, 5514200000, 5683, 6482
6, 9, 5515200000, 4844, 6085
6, 10, 5533200000, 5884, 40427
6, 11, 5534200000, 4844, 6884
6, 12, 5536200000, 5683, 5482
6, 13, 5538200000, 4884, 4884
6, 14, 5544200000, 4844, 6085
6, 15, 5546200000, 4844, 4884
6, 16, 5548200000, 5085, 6482
6, 17, 5549200000, 6482, 93486
6, 18, 5552200000, 5085, 6326
6, 19, 5554200000, 5683, 41482
6, 20, 5557200000, 5482, 6085
7, 8, 5561200000, 5683, 74605
7, 9, 5565200000, 4844, 6085
7, 10, 5584200000, 91439, 182867
7, 11, 5587200000, 5884, 6884
7, 12, 5588200000, 4884, 4884
7, 13, 5590200000, 59868, 4884
7, 14, 5593200000, 4844, 6085
7, 15, 5598200000, 587540, 4884
7, 16, 5606200000, 5482, 45725
7, 17, 5610200000, 5683, 7683
7, 18, 5617200000, 5884, 6085
7, 19, 5619200000, 970910, 973482
7, 20, 5623200000, 5884, 6085
8, 9, 5624200000, 5085, 6683
8, 10, 5629200000, 99176, 94317
8, 11, 5631200000, 4844, 7326
8, 12, 5641200000, 4884, 4924
8, 13, 5645200000, 4884, 5482
8, 14, 5647200000, 4844, 6683
8, 15, 5656200000, 4884, 4884
8, 16, 5658200000, 77577, 6085
8, 17, 5662200000, 86482, 6085
8, 18, 5664200000, 32956, 550042
8, 19, 5668200000, 5884, 6085
8, 20, 5674200000, 11909, 6085
9, 10, 5678200000, 5085, 5683
9, 11, 5679200000, 4844, 55496
9, 12, 5684200000, 11112, 164244
9, 13, 5687200000, 5884, 4884
9, 14, 5690200000, 587683, 588750
9, 15, 5693200000, 5683, 108928
9, 16, 5700200000, 89194, 90435
9, 17, 5706200000, 4884, 73962
9, 18, 5712200000, 5085, 6884
9, 19, 5714200000, 55088, 6326
9, 20, 5715200000, 5683, 6924
10, 11, 5722200000, 3643, 6085
10, 12, 5726200000, 28482, 4884
10, 13, 5727200000, 3643, 5482
10, 14, 5736200000, 114693, 75683
10, 15, 5741200000, 4683, 5683
10, 16, 5749200000, 5482, 6085
10, 17, 5758200000, 3643, 6085
10, 18, 5761200000, 372280, 253120
10, 19, 5765200000, 16291, 6085
10, 20, 5774200000, 282407, 97460
11, 12, 5779200000, 5482, 5482
11, 13, 5780200000, 5085, 6366
11, 14, 5793200000, 341683, 337265
11, 15, 5799200000, 5884, 4884
11, 16, 5805200000, 6482, 53754
11, 17, 5809200000, 18456, 281340
11, 18, 5816200000, 4844, 8482
11, 19, 5821200000, 4884, 6085
11, 20, 5826200000, 64612, 103556
12, 13, 5828200000, 4683, 5924
12, 14, 5834200000, 4683, 6085
12, 15, 5837200000, 3643, 5482
12, 16, 5841200000, 4683, 6683
12, 17, 5861200000, 4683, 6085
12, 18, 5862200000, 5482, 7125
12, 19, 5863200000, 75336, 6085
12, 20, 5866200000, 3884, 30474
13, 14, 5869200000, 42430, 6326
13, 15, 5873200000, 3884, 5125
13, 16, 5875200000, 3643, 6085
13, 17, 5876200000, 3643, 6085
13, 18, 5885200000, 6892, 6482
13, 19, 5888200000, 79602, 485164
13, 20, 5896200000, 5482, 6683
14, 15, 5900200000, 5884, 4884
14, 16, 5902200000, 4844, 109148
14, 17, 5918200000, 5085, 7482
14, 18, 5926200000, 5683, 6326
14, 19, 5930200000, 66162, 6085
14, 20, 5933200000, 5482, 6085
15, 16, 5934200000, 3643, 6482
15, 17, 5939200000, 3643, 6683
15, 18, 5950200000, 4482, 155388
15, 19, 5952200000, 3643, 6085
15, 20, 5954200000, 50450, 51651
16, 17, 5955200000, 4884, 6125
16, 18, 5960200000, 4884, 6085
16, 19, 5983200000, 59069, 94142
16, 20, 5987200000, 5683, 6085
17, 18, 6005200000, 189683, 190209
17, 19, 6008200000, 5683, 6482
17, 20, 6015200000, 4844, 6085
18, 19, 6020200000, 63443, 146109
18, 20, 6026200000, 5884, 6085
19, 20, 6029200000, 379474, 263783
1, 2, 6031200000, 22196, 52717
1, 3, 6033200000, 108482, 109310
1, 4, 6037200000, 5884, 6683
1, 5, 6042200000, 5482, 225230
1, 6, 6044200000, 5482, 6125
1, 7, 6045200000, 23316, 6085
1, 8, 6051200000, 4844, 6085
1, 9, 6053200000, 47336, 49818
1, 10, 6056200000, 100482, 4884
1, 11, 6068200000, 5085, 40182
1, 12, 6071200000, 5683, 4884
1, 13, 6084200000, 4844, 585445
1, 14, 6086200000, 5085, 6884
1, 15, 6087200000, 4884, 4884
1, 16, 6113200000, 33446, 34675
1, 17, 6118200000, 5683, 6085
1, 18, 6130200000, 4844, 34482
1, 19, 6132200000, 4844, 95482
1, 20, 6138200000, 5482, 6085
2, 3, 6141200000, 43038, 6683
2, 4, 6143200000, 32683, 33482
2, 5, 6144200000, 5482, 44279
2, 6, 6161200000, 4844, 7683
2, 7, 6170200000, 4844, 6085
2, 8, 6172200000, 5683, 6884
2, 9, 6178200000, 4844, 99709
2, 10, 6188200000, 103007, 5125
2, 11, 6198200000, 5884, 425535
2, 12, 6200200000, 5482, 5125
2, 13, 6202200000, 5482, 4884
2, 14, 6205200000, 115482, 117298
2, 15, 6212200000, 6683, 63081
2, 16, 6213200000, 6683, 6085
2, 17, 6218200000, 4844, 6482
2, 18, 6223200000, 4884, 6085
2, 19, 6225200000, 4884, 434339
2, 20, 6226200000, 314855, 6085
3, 4, 6240200000, 6482, 7125
3, 5, 6241200000, 4844, 6884
3, 6, 6248200000, 61113, 6085
3, 7, 6256200000, 4844, 6085
3, 8, 6264200000, 43078, 6884
3, 9, 6272200000, 5085, 6683
3, 10, 6275200000, 5884, 304185
3, 11, 6285200000, 4844, 6085
3, 12, 6289200000, 5482, 5482
3, 13, 6291200000, 5482, 4884
3, 14, 6303200000, 5085, 39053
3, 15, 6308200000, 5482, 4884
3, 16, 6311200000, 5482, 6326
3, 17, 6315200000, 432653, 6085
3, 18, 6334200000, 5482, 522544
3, 19, 6336200000, 5482, 6085
3, 20, 6346200000, 5683, 6085
4, 5, 6350200000, 4884, 6482
4, 6, 6358200000, 604111, 56313
4, 7, 6361200000, 4844, 38515
4, 8, 6376200000, 4844, 6482
4, 9, 6377200000, 5085, 6326
4, 10, 6395200000, 5482, 4884
4, 11, 6398200000, 4844, 6085
4, 12, 6402200000, 93688, 32510
4, 13, 6408200000, 564646, 4884
4, 14, 6412200000, 4884, 6125
4, 15, 6414200000, 47693, 42114
4, 16, 6427200000, 496153, 6085
4, 17, 6428200000, 466615, 6482
4, 18, 6430200000, 4884, 6085
4, 19, 6443200000, 4844, 6085
4, 20, 6446200000, 4844, 83098
5, 6, 6451200000, 17053, 6085
5, 7, 6455200000, 107683, 108924
5, 8, 6469200000, 580325, 6884
5, 9, 6478200000, 442811, 464244
5, 10, 6486200000, 5884, 5683
5, 11, 6489200000, 5482, 6482
5, 12, 6491200000, 53683, 98749
5, 13, 6492200000, 4844, 63804
5, 14, 6495200000, 30921, 6085
5, 15, 6496200000, 537682, 78288
5, 16, 6497200000, 4884, 6683
5, 17, 6503200000, 5683, 6482
5, 18, 6504200000, 4884, 6085
5, 19, 6508200000, 5884, 7125
5, 20, 6511200000, 4844, 6085
6, 7, 6512200000, 4844, 17918
6, 8, 6514200000, 4844, 346208
6, 9, 6515200000, 4844, 6482
6, 10, 6533200000, 6482, 102855
6, 11, 6534200000, 5884, 6085
6, 12, 6536200000, 4844, 4884
6, 13, 6538200000, 5683, 4884
6, 14, 6544200000, 5482, 6683
6, 15, 6546200000, 5683, 6482
6, 16, 6548200000, 4844, 6085
6, 17, 6549200000, 4844, 24511
6, 18, 6552200000, 4844, 7482
6, 19, 6554200000, 5482, 6085
6, 20, 6557200000, 5085, 6326
7, 8, 6561200000, 4844, 65045
7, 9, 6565200000, 5085, 19938
7, 10, 6584200000, 4844, 4884
7, 11, 6587200000, 5884, 6085
7, 12, 6588200000, 212482, 211482
7, 13, 6590200000, 4844, 5482
7, 14, 6593200000, 4844, 6085
7, 15, 6598200000, 4844, 4884
7, 16, 6606200000, 328557, 6482
7, 17, 6610200000, 5482, 417017
7, 18, 6617200000, 4844, 6085
7, 19, 6619200000, 4844, 7326
7, 20, 6623200000, 844329, 428642
8, 9, 6624200000, 4844, 8852
8, 10, 6629200000, 59482, 59109
8, 11, 6631200000, 5884, 7125
8, 12, 6641200000, 4884, 4924
8, 13, 6645200000, 4844, 4884
8, 14, 6647200000, 5884, 6683
8, 15, 6656200000, 5085, 483622
8, 16, 6658200000, 601087, 6085
8, 17, 6662200000, 24075, 6085
8, 18, 6664200000, 29502, 33482
8, 19, 6668200000, 4844, 7482
8, 20, 6674200000, 6482, 6085
9, 10, 6678200000, 597830, 5482
9, 11, 6679200000, 5482, 7482
9, 12, 6684200000, 56299, 5125
9, 13, 6687200000, 5884, 4884
9, 14, 6690200000, 4844, 6683
9, 15, 6693200000, 5482, 5125
9, 16, 6700200000, 4844, 6085
9, 17, 6706200000, 4844, 6085
9, 18, 6712200000, 4844, 49099
9, 19, 6714200000, 5482, 6085
9, 20, 6715200000, 4844, 7482
10, 11, 6722200000, 3683, 6085
10, 12, 6726200000, 144848, 4884
10, 13, 6727200000, 60836, 4884
10, 14, 6736200000, 28859, 7482
10, 15, 6741200000, 434683, 435272
10, 16, 6749200000, 45818, 48260
10, 17, 6758200000, 4482, 6884
10, 18, 6761200000, 513482, 142189
10, 19, 6765200000, 99592, 65482
10, 20, 6774200000, 3643, 67897
11, 12, 6779200000, 66616, 68482
11, 13, 6780200000, 4844, 34813
11, 14, 6793200000, 63724, 6085
11, 15, 6799200000, 4844, 200721
11, 16, 6805200000, 4884, 6085
11, 17, 6809200000, 10683, 6085
11, 18, 6816200000, 4844, 6085
11, 19, 6821200000, 5085, 6482
11, 20, 6826200000, 4884, 6683
12, 13, 6828200000, 4683, 5924
12, 14, 6834200000, 126797, 6482
12, 15, 6837200000, 3643, 4884
12, 16, 6841200000, 3643, 6085
12, 17, 6861200000, 3643, 6085
12, 18, 6862200000, 4482, 6125
12, 19, 6863200000, 3643, 6683
12, 20, 6866200000, 3643, 6085
13, 14, 6869200000, 4683, 6482
13, 15, 6873200000, 3683, 4884
13, 16, 6875200000, 4683, 6085
13, 17, 6876200000, 399568, 32884
13, 18, 6885200000, 93013, 6125
13, 19, 6888200000, 3643, 6085
13, 20, 6896200000, 4683, 73958
14, 15, 6900200000, 4844, 629796
14, 16, 6902200000, 4884, 6085
14, 17, 6918200000, 4844, 33715
14, 18, 6926200000, 175000, 412740
14, 19, 6930200000, 4844, 6085
14, 20, 6933200000, 5085, 6326
15, 16, 6934200000, 3643, 6683
15, 17, 6939200000, 516482, 6085
15, 18, 6950200000, 4482, 6085
15, 19, 6952200000, 3643, 7482
15, 20, 6954200000, 355482, 6085
16, 17, 6955200000, 5683, 6085
16, 18, 6960200000, 5884, 6085
16, 19, 6983200000, 4844, 6085
16, 20, 6987200000, 5683, 6085
17, 18, 7005200000, 5683, 6085
17, 19, 7008200000, 4844, 61865
17, 20, 7015200000, 17050, 6085
18, 19, 7020200000, 5482, 6884
18, 20, 7026200000, 4844, 7482
19, 20, 7029200000, 294602, 6326
1, 2, 7031200000, 4844, 6085
1, 3, 7033200000, 21782, 6085
1, 4, 7037200000, 5683, 6482
1, 5, 7042200000, 5884, 6326
1, 6, 7044200000, 45890, 48372
1, 7, 7045200000, 5482, 35683
1, 8, 7051200000, 4884, 6085
1, 9, 7053200000, 7977, 10482
1, 10, 7056200000, 25884, 25076
1, 11, 7068200000, 385244, 6326
1, 12, 7071200000, 5482, 4884
1, 13, 7084200000, 37167, 4884
1, 14, 7086200000, 4844, 6683
1, 15, 7087200000, 6683, 200459
1, 16, 7113200000, 4844, 7326
1, 17, 7118200000, 5085, 6326
1, 18, 7130200000, 4844, 6085
1, 19, 7132200000, 4844, 117683
1, 20, 7138200000, 4884, 6125
2, 3, 7141200000, 116070, 53005
2, 4, 7143200000, 4884, 6125
2, 5, 7144200000, 4884, 6085
2, 6, 7161200000, 50683, 6683
2, 7, 7170200000, 4884, 32363
2, 8, 7172200000, 5884, 28482
2, 9, 7178200000, 4844, 26482
2, 10, 7188200000, 4844, 4884
2, 11, 7198200000, 5085, 482585
2, 12, 7200200000, 4844, 51031
2, 13, 7202200000, 4844, 4884
2, 14, 7205200000, 5683, 7567
2, 15, 7212200000, 5085, 5125
2, 16, 7213200000, 5884, 6085
2, 17, 7218200000, 6482, 6085
2, 18, 7223200000, 5683, 6884
2, 19, 7225200000, 5884, 6085
2, 20, 7226200000, 69482, 69884
3, 4, 7240200000, 5884, 38125
3, 5, 7241200000, 10387, 11628
3, 6, 7248200000, 4844, 6683
3, 7, 7256200000, 4844, 6085
3, 8, 7264200000, 275855, 6085
3, 9, 7272200000, 4844, 6884
3, 10, 7275200000, 52845, 4884
3, 11, 7285200000, 4844, 6085
3, 12, 7289200000, 44253, 4884
3, 13, 7291200000, 5683, 5482
3, 14, 7303200000, 4844, 7326
3, 15, 7308200000, 5884, 5683
3, 16, 7311200000, 58236, 7482
3, 17, 7315200000, 378477, 87931
3, 18, 7334200000, 5482, 6085
3, 19, 7336200000, 528907, 457884
3, 20, 7346200000, 198482, 6085
4, 5, 7350200000, 4844, 6085
4, 6, 7358200000, 4844, 6085
4, 7, 7361200000, 553958, 671403
4, 8, 7376200000, 4844, 38696
4, 9, 7377200000, 4844, 6085
4, 10, 7395200000, 4844, 5683
4, 11, 7398200000, 5683, 558870
4, 12, 7402200000, 396498, 396538
4, 13, 7408200000, 5482, 65933
4, 14, 7412200000, 5884, 8482
4, 15, 7414200000, 144884, 510859
4, 17, 7428200000, 5884, 6085
4, 18, 7430200000, 4884, 6884
4, 19, 7443200000, 12797, 55693
4, 20, 7446200000, 57097, 58683
5, 6, 7451200000, 45482, 6482
5, 7, 7455200000, 4844, 7482
5, 8, 7469200000, 4844, 35884
5, 9, 7478200000, 5482, 104955
5, 10, 7486200000, 5683, 4884
5, 11, 7489200000, 5683, 6085
5, 12, 7491200000, 5683, 25482
5, 13, 7492200000, 50683, 49469
5, 14, 7495200000, 195683, 196800
5, 15, 7496200000, 393482, 557168
5, 16, 7497200000, 4844, 6085
5, 17, 7503200000, 4884, 6085
5, 18, 7504200000, 5482, 6085
5, 19, 7508200000, 6683, 7125
5, 20, 7511200000, 65411, 6085
6, 7, 7512200000, 4844, 6085
6, 8, 7514200000, 77223, 6482
6, 9, 7515200000, 5683, 6085
6, 10, 7533200000, 4844, 5683
6, 11, 7534200000, 4884, 6085
6, 12, 7536200000, 4844, 4884
6, 13, 7538200000, 63649, 33157
6, 14, 7544200000, 4844, 6683
6, 15, 7546200000, 52683, 51765
6, 16, 7548200000, 5482, 219344
6, 17, 7549200000, 4844, 6085
6, 18, 7552200000, 50308, 261259
6, 19, 7554200000, 5884, 6884
6, 20, 7557200000, 5683, 6326
7, 8, 7561200000, 5085, 111594
7, 9, 7565200000, 4884, 6085
7, 10, 7584200000, 5683, 5482
7, 11, 7587200000, 12968, 81594
7, 12, 7588200000, 83566, 209671
7, 13, 7590200000, 85173, 4884
7, 14, 7593200000, 155884, 157683
7, 15, 7598200000, 9258, 316715
7, 16, 7606200000, 4844, 6085
7, 17, 7610200000, 5482, 6482
7, 18, 7617200000, 26119, 7683
7, 19, 7619200000, 4844, 6482
7, 20, 7623200000, 174482, 6326
8, 9, 7624200000, 7796, 6683
8, 10, 7629200000, 4844, 583593
8, 11, 7631200000, 5085, 6326
8, 12, 7641200000, 5085, 6366
8, 13, 7645200000, 5884, 77818
8, 14, 7647200000, 52884, 53482
8, 15, 7656200000, 5884, 67620
8, 16, 7658200000, 46207, 6326
8, 17, 7662200000, 278915, 6482
8, 18, 7664200000, 4844, 6085
8, 19, 7668200000, 4844, 6683
8, 20, 7674200000, 5683, 6085
9, 10, 7678200000, 18884, 18482
9, 11, 7679200000, 15845, 79264
9, 12, 7684200000, 374702, 4884
9, 13, 7687200000, 53718, 4884
9, 14, 7690200000, 4844, 7683
9, 15, 7693200000, 5683, 4884
9, 16, 7700200000, 4884, 6683
9, 17, 7706200000, 106180, 108662
9, 18, 7712200000, 4844, 6085
9, 19, 7714200000, 4844, 6884
9, 20, 7715200000, 5683, 8165
10, 11, 7722200000, 37482, 6683
10, 12, 7726200000, 3643, 5482
10, 13, 7727200000, 51843, 53683
10, 14, 7736200000, 523482, 61515
10, 15, 7741200000, 4683, 14447
10, 16, 7749200000, 441049, 6085
10, 17, 7758200000, 29671, 32113
10, 18, 7761200000, 4482, 6085
10, 19, 7765200000, 44970, 7482
10, 20, 7774200000, 388245, 6085
11, 12, 7779200000, 6928, 6366
11, 13, 7780200000, 4844, 4884
11, 14, 7793200000, 4884, 6085
11, 15, 7799200000, 52879, 5683
11, 16, 7805200000, 5683, 6085
11, 17, 7809200000, 5482, 7482
11, 18, 7816200000, 4884, 6125
11, 19, 7821200000, 5683, 626513
11, 20, 7826200000, 5085, 6326
12, 13, 7828200000, 44893, 40664
12, 14, 7834200000, 3643, 6085
12, 15, 7837200000, 952016, 78947
12, 16, 7841200000, 3643, 6085
12, 17, 7861200000, 3643, 6085
12, 18, 7862200000, 3884, 30855
12, 19, 7863200000, 3643, 605806
12, 20, 7866200000, 3643, 25227
13, 14, 7869200000, 4482, 6085
13, 15, 7873200000, 328233, 4884
13, 16, 7875200000, 4683, 6085
13, 17, 7876200000, 4482, 6085
13, 18, 7885200000, 3683, 30716
13, 19, 7888200000, 495482, 427606
13, 20, 7896200000, 265998, 6085
14, 15, 7900200000, 5683, 5482
14, 16, 7902200000, 5884, 7683
14, 17, 7918200000, 167130, 445992
14, 18, 7926200000, 5884, 6085
14, 19, 7930200000, 74723, 6085
14, 20, 7933200000, 37683, 38138
15, 16, 7934200000, 254632, 6085
15, 17, 7939200000, 3643, 38900
15, 18, 7950200000, 4683, 55646
15, 19, 7952200000, 49308, 6085
15, 20, 7954200000, 3643, 6085
16, 17, 7955200000, 5482, 30899
16, 18, 7960200000, 4844, 7165
16, 19, 7983200000, 4844, 7683
16, 20, 7987200000, 4844, 6085
17, 18, 8005200000, 404100, 6085
17, 19, 8008200000, 4844, 35402
17, 20, 8015200000, 111683, 112924
18, 19, 8020200000, 137482, 137189
18, 20, 8026200000, 5884, 6683
19, 20, 8029200000, 40302, 41543
1, 2, 8031200000, 4844, 6085
1, 3, 8033200000, 4844, 69010
1, 4, 8037200000, 315104, 25847
1, 5, 8042200000, 4844, 6085
1, 6, 8044200000, 5683, 6085
1, 7, 8045200000, 41391, 6326
1, 8, 8051200000, 81156, 6085
1, 9, 8053200000, 5085, 6326
1, 10, 8056200000, 4844, 4884
1, 11, 8068200000, 4844, 6085
1, 12, 8071200000, 525409, 4884
1, 13, 8084200000, 36089, 4884
1, 14, 8086200000, 509345, 6683
1, 15, 8087200000, 4844, 74408
1, 16, 8113200000, 4844, 6085
1, 17, 8118200000, 4844, 6085
1, 18, 8130200000, 5683, 6085
1, 19, 8132200000, 5683, 6326
1, 20, 8138200000, 5482, 6085
2, 3, 8141200000, 4884, 65117
2, 4, 8143200000, 4844, 8482
2, 5, 8144200000, 4844, 6482
2, 6, 8161200000, 4844, 69584
2, 7, 8170200000, 4844, 49683
2, 8, 8172200000, 63482, 6884
2, 9, 8178200000, 5884, 6683
2, 10, 8188200000, 4884, 134136
2, 11, 8198200000, 5683, 6884
2, 12, 8200200000, 4844, 4884
2, 13, 8202200000, 5884, 4884
2, 14, 8205200000, 821017, 557683
2, 16, 8213200000, 292536, 10400
2, 17, 8218200000, 4844, 6683
2, 18, 8223200000, 4844, 6085
2, 19, 8225200000, 5482, 6884
2, 20, 8226200000, 8334, 6683
3, 4, 8240200000, 4884, 41909
3, 5, 8241200000, 11242, 6085
3, 6, 8248200000, 27574, 7482
3, 7, 8256200000, 144243, 164257
3, 8, 8264200000, 320168, 6683
3, 9, 8272200000, 182032, 40423
3, 10, 8275200000, 4844, 5482
3, 11, 8285200000, 4844, 6884
3, 12, 8289200000, 4844, 4884
3, 13, 8291200000, 62482, 49199
3, 14, 8303200000, 93532, 94773
3, 15, 8308200000, 5482, 5482
3, 16, 8311200000, 4844, 90411
3, 17, 8315200000, 5482, 6482
3, 18, 8334200000, 4844, 6085
3, 19, 8336200000, 12873, 6085
3, 20, 8346200000, 5482, 6085
4, 5, 8350200000, 4844, 6683
4, 6, 8358200000, 4844, 6085
4, 7, 8361200000, 5085, 9683
4, 8, 8376200000, 4844, 7482
4, 9, 8377200000, 79469, 6085
4, 10, 8395200000, 29426, 29482
4, 11, 8398200000, 5482, 7482
4, 12, 8402200000, 4844, 4884
4, 13, 8408200000, 4884, 4884
4, 14, 8412200000, 435685, 6085
4, 15, 8414200000, 4844, 4884
4, 16, 8427200000, 4844, 6085
4, 17, 8428200000, 4844, 6085
4, 18, 8430200000, 5482, 28482
4, 19, 8443200000, 4844, 6884
4, 20, 8446200000, 5683, 6683
5, 6, 8451200000, 442995, 6326
5, 7, 8455200000, 4844, 6085
5, 8, 8469200000, 4844, 34679
5, 9, 8478200000, 77482, 6683
5, 10, 8486200000, 5085, 16809
5, 11, 8489200000, 286228, 287884
5, 12, 8491200000, 43884, 43203
5, 13, 8492200000, 5884, 343520
5, 14, 8495200000, 4844, 6482
5, 15, 8496200000, 83245, 565388
5, 17, 8503200000, 5683, 6085
5, 18, 8504200000, 5884, 6482
5, 19, 8508200000, 4844, 89699
5, 20, 8511200000, 30004, 547988
6, 8, 8514200000, 309401, 311683
6, 9, 8515200000, 6482, 6085
6, 10, 8533200000, 4844, 4884
6, 11, 8534200000, 4844, 6085
6, 12, 8536200000, 4844, 5683
6, 13, 8538200000, 4844, 4884
6, 14, 8544200000, 29884, 30426
6, 15, 8546200000, 17490, 216740
6, 16, 8548200000, 5683, 6085
6, 17, 8549200000, 4844, 22701
6, 18, 8552200000, 5683, 292283
6, 19, 8554200000, 5482, 7482
6, 20, 8557200000, 422071, 7125
7, 8, 8561200000, 4844, 479557
7, 9, 8565200000, 44482, 125520
7, 10, 8584200000, 4844, 609656
7, 11, 8587200000, 7482, 6085
7, 12, 8588200000, 5683, 4884
7, 13, 8590200000, 83683, 4884
7, 14, 8593200000, 5683, 6482
7, 15, 8598200000, 4844, 5482
7, 16, 8606200000, 33599, 6085
7, 17, 8610200000, 299716, 6085
7, 18, 8617200000, 464309, 150444
7, 19, 8619200000, 4844, 6085
7, 20, 8623200000, 127825, 212683
8, 9, 8624200000, 4844, 6085
8, 10, 8629200000, 5884, 232639
8, 11, 8631200000, 4844, 6085
8, 12, 8641200000, 601585, 601625
8, 13, 8645200000, 4844, 4884
8, 14, 8647200000, 5482, 7125
8, 15, 8656200000, 6482, 4884
8, 16, 8658200000, 4884, 60707
8, 17, 8662200000, 779253, 411067
8, 18, 8664200000, 4844, 8482
8, 19, 8668200000, 5085, 6884
8, 20, 8674200000, 4844, 6085
9, 11, 8679200000, 153356, 155482
9, 12, 8684200000, 4844, 4884
9, 13, 8687200000, 4844, 5482
9, 14, 8690200000, 4844, 6085
9, 15, 8693200000, 6482, 4884
9, 16, 8700200000, 4844, 6085
9, 17, 8706200000, 84787, 86482
9, 18, 8712200000, 4844, 6884
9, 19, 8714200000, 271683, 262721
9, 20, 8715200000, 5085, 6326
10, 11, 8722200000, 3643, 6085
10, 12, 8726200000, 3643, 5482
10, 13, 8727200000, 3643, 4884
10, 14, 8736200000, 4683, 6085
10, 15, 8741200000, 3643, 4884
10, 16, 8749200000, 4683, 167646
10, 17, 8758200000, 3884, 6326
10, 18, 8761200000, 111205, 82433
10, 19, 8765200000, 3643, 6884
10, 20, 8774200000, 3643, 6085
11, 12, 8779200000, 4844, 68458
11, 13, 8780200000, 4844, 4884
11, 14, 8793200000, 5085, 6326
11, 15, 8799200000, 4844, 579625
11, 16, 8805200000, 4884, 84482
11, 17, 8809200000, 39884, 40683
11, 18, 8816200000, 4844, 6085
11, 19, 8821200000, 4844, 6085
11, 20, 8826200000, 4844, 6085
12, 13, 8828200000, 3643, 4884
12, 14, 8834200000, 103292, 7683
12, 15, 8837200000, 3884, 16116
12, 16, 8841200000, 3884, 7482
12, 17, 8861200000, 4482, 6085
12, 18, 8862200000, 4683, 7125
12, 19, 8863200000, 3884, 307482
12, 20, 8866200000, 4683, 27432
13, 14, 8869200000, 3643, 63620
13, 15, 8873200000, 20785, 4884
13, 16, 8875200000, 3643, 6085
13, 17, 8876200000, 26482, 6326
13, 18, 8885200000, 3643, 6085
13, 19, 8888200000, 3643, 6683
13, 20, 8896200000, 3683, 6482
14, 15, 8900200000, 4884, 618942
14, 16, 8902200000, 4844, 171019
14, 17, 8918200000, 4844, 6085
14, 18, 8926200000, 5683, 6085
14, 19, 8930200000, 5085, 374807
14, 20, 8933200000, 5683, 6085
15, 16, 8934200000, 4683, 7482
15, 17, 8939200000, 3643, 6683
15, 18, 8950200000, 554114, 57128
15, 19, 8952200000, 103774, 6085
15, 20, 8954200000, 3643, 6085
16, 17, 8955200000, 114510, 162597
16, 18, 8960200000, 4844, 6085
16, 19, 8983200000, 5884, 98280
16, 20, 8987200000, 45970, 6085
17, 18, 9005200000, 5884, 25075
17, 19, 9008200000, 5683, 26719
17, 20, 9015200000, 51272, 6085
18, 19, 9020200000, 4844, 6085
18, 20, 9026200000, 4884, 6884
19, 20, 9029200000, 5884, 6326
1, 2, 9031200000, 610183, 6085
1, 3, 9033200000, 333870, 43889
1, 4, 9037200000, 4844, 6085
1, 5, 9042200000, 4844, 32671
1, 6, 9044200000, 4844, 6085
1, 7, 9045200000, 69245, 255368
1, 9, 9053200000, 5482, 47905
1, 10, 9056200000, 6482, 6482
1, 11, 9068200000, 51357, 52598
1, 12, 9071200000, 4844, 4884
1, 13, 9084200000, 4844, 5683
1, 14, 9086200000, 4844, 6085
1, 15, 9087200000, 422064, 4884
1, 16, 9113200000, 5085, 13266
1, 17, 9118200000, 4844, 6482
1, 18, 9130200000, 4844, 6085
1, 19, 9132200000, 5085, 6326
1, 20, 9138200000, 71998, 6085
2, 3, 9141200000, 4884, 6683
2, 4, 9143200000, 4884, 76482
2, 5, 9144200000, 520764, 522005
2, 6, 9161200000, 5683, 6884
2, 7, 9170200000, 5085, 6683
2, 8, 9172200000, 5482, 6482
2, 9, 9178200000, 21161, 6683
2, 10, 9188200000, 5482, 5683
2, 11, 9198200000, 6683, 6085
2, 12, 9200200000, 4844, 35433
2, 13, 9202200000, 5482, 5125
2, 14, 9205200000, 5884, 7125
2, 15, 9212200000, 5482, 4884
2, 16, 9213200000, 5683, 6085
2, 17, 9218200000, 407147, 40310
2, 18, 9223200000, 6683, 80482
2, 19, 9225200000, 4844, 6085
2, 20, 9226200000, 5884, 6085
3, 4, 9240200000, 604027, 605268
3, 5, 9241200000, 4844, 6085
3, 6, 9248200000, 5482, 6085
3, 7, 9256200000, 5683, 13392
3, 8, 9264200000, 5085, 6482
3, 9, 9272200000, 5683, 7482
3, 10, 9275200000, 4884, 6482
3, 11, 9285200000, 110112, 58940
3, 12, 9289200000, 14704, 8981
3, 13, 9291200000, 4884, 4884
3, 14, 9303200000, 21482, 22864
3, 15, 9308200000, 4844, 4884
3, 16, 9311200000, 4844, 6085
3, 17, 9315200000, 4844, 6085
3, 18, 9334200000, 4844, 6085
3, 19, 9336200000, 4844, 110468
3, 20, 9346200000, 14683, 6884
4, 5, 9350200000, 47818, 7482
4, 6, 9358200000, 47873, 6085
4, 7, 9361200000, 5085, 6482
4, 8, 9376200000, 6482, 6085
4, 9, 9377200000, 5482, 7482
4, 10, 9395200000, 17291, 4884
4, 11, 9398200000, 58482, 6085
4, 12, 9402200000, 4884, 6482
4, 13, 9408200000, 4844, 4884
4, 14, 9412200000, 4884, 6125
4, 15, 9414200000, 4844, 5683
4, 16, 9427200000, 15524, 6085
4, 17, 9428200000, 112522, 6482
4, 18, 9430200000, 379191, 6683
4, 19, 9443200000, 345482, 42442
4, 20, 9446200000, 4844, 6683
5, 6, 9451200000, 4844, 6085
5, 7, 9455200000, 5683, 7366
5, 8, 9469200000, 34683, 95893
5, 9, 9478200000, 5482, 6085
5, 10, 9486200000, 5884, 5482
5, 11, 9489200000, 77778, 6085
5, 12, 9491200000, 581683, 4884
5, 13, 9492200000, 5884, 4884
5, 14, 9495200000, 233065, 6085
5, 15, 9496200000, 180884, 704991
5, 16, 9497200000, 4884, 7683
5, 17, 9503200000, 457948, 6085
5, 18, 9504200000, 164077, 31482
5, 19, 9508200000, 5884, 7125
5, 20, 9511200000, 45364, 46605
6, 7, 9512200000, 6482, 452111
6, 8, 9514200000, 5482, 44339
6, 9, 9515200000, 4844, 7326
6, 10, 9533200000, 4844, 4884
6, 11, 9534200000, 4844, 6085
6, 12, 9536200000, 4844, 4884
6, 13, 9538200000, 4844, 4884
6, 14, 9544200000, 4844, 6085
6, 15, 9546200000, 4844, 4884
6, 16, 9548200000, 58595, 6085
6, 17, 9549200000, 4844, 6085
6, 18, 9552200000, 4844, 6085
6, 19, 9554200000, 4844, 6085
6, 20, 9557200000, 5085, 68379
7, 8, 9561200000, 330308, 6085
7, 9, 9565200000, 5884, 6085
7, 10, 9584200000, 249761, 4884
7, 11, 9587200000, 4884, 6085
7, 12, 9588200000, 5884, 4884
7, 13, 9590200000, 579683, 5125
7, 14, 9593200000, 29750, 69683
7, 15, 9598200000, 5683, 175482
7, 16, 9606200000, 120526, 6085
7, 17, 9610200000, 7472, 6085
7, 18, 9617200000, 6683, 548683
7, 19, 9619200000, 4884, 6125
7, 20, 9623200000, 4884, 6683
8, 9, 9624200000, 5884, 6085
8, 10, 9629200000, 54682, 4884
8, 11, 9631200000, 31814, 7125
8, 12, 9641200000, 5085, 5482
8, 13, 9645200000, 4844, 4884
8, 14, 9647200000, 4844, 6085
8, 15, 9656200000, 5683, 4884
8, 16, 9658200000, 5085, 6326
8, 17, 9662200000, 355482, 6482
8, 18, 9664200000, 25823, 7125
8, 19, 9668200000, 4844, 6085
8, 20, 9674200000, 22272, 6085
9, 10, 9678200000, 5085, 30226
9, 11, 9679200000, 7759, 6482
9, 12, 9684200000, 14636, 614866
9, 13, 9687200000, 339521, 4884
9, 14, 9690200000, 90555, 6085
9, 15, 9693200000, 5683, 38218
9, 16, 9700200000, 5482, 6085
9, 17, 9706200000, 4844, 6482
9, 18, 9712200000, 72681, 6884
9, 19, 9714200000, 104859, 128683
9, 20, 9715200000, 4844, 7482
10, 11, 9722200000, 82482, 6683
10, 12, 9726200000, 4683, 4884
10, 13, 9727200000, 4482, 347042
10, 14, 9736200000, 3643, 6085
10, 15, 9741200000, 4683, 4884
10, 16, 9749200000, 117896, 10182
10, 17, 9758200000, 3683, 6482
10, 18, 9761200000, 3643, 7482
10, 19, 9765200000, 4683, 37845
10, 20, 9774200000, 3884, 459891
11, 12, 9779200000, 4844, 71967
11, 13, 9780200000, 4844, 4884
11, 14, 9793200000, 4884, 6085
11, 15, 9799200000, 4884, 4884
11, 16, 9805200000, 17837, 19078
11, 17, 9809200000, 5683, 6085
11, 18, 9816200000, 4844, 541834
11, 19, 9821200000, 35567, 549003
11, 20, 9826200000, 4844, 7683
12, 13, 9828200000, 3643, 5482
12, 14, 9834200000, 4482, 175294
12, 15, 9837200000, 3643, 4884
12, 16, 9841200000, 3643, 6085
12, 17, 9861200000, 551107, 12989
12, 18, 9862200000, 30482, 34153
12, 19, 9863200000, 511052, 6085
12, 20, 9866200000, 3643, 6085
13, 14, 9869200000, 3884, 414459
13, 15, 9873200000, 3643, 4884
13, 16, 9875200000, 3884, 6482
13, 17, 9876200000, 3643, 88269
13, 18, 9885200000, 3884, 9169
13, 19, 9888200000, 53152, 6085
13, 20, 9896200000, 65683, 67396
14, 15, 9900200000, 4844, 5482
14, 16, 9902200000, 6252, 6085
14, 17, 9918200000, 4844, 6085
14, 18, 9926200000, 4884, 62597
14, 19, 9930200000, 66656, 8482
14, 20, 9933200000, 356482, 61872
15, 16, 9934200000, 4683, 6085
15, 17, 9939200000, 53444, 7482
15, 18, 9950200000, 3884, 70749
15, 19, 9952200000, 61358, 6085
15, 20, 9954200000, 3643, 6683
16, 17, 9955200000, 4844, 6482
16, 18, 9960200000, 5884, 6884
16, 19, 9983200000, 410067, 640447
16, 20, 9987200000, 5482, 6085
17, 18, 10005200000, 122884, 122895
17, 19, 10008200000, 5085, 6683
17, 20, 10015200000, 4844, 6482
18, 19, 10020200000, 50934, 6884
18, 20, 10026200000, 127482, 128513
19, 20, 10029200000, 5085, 7482
1, 2, 10031200000, 4884, 6085
1, 3, 10033200000, 4844, 6683
1, 4, 10037200000, 4844, 6085
1, 5, 10042200000, 5482, 6884
1, 6, 10044200000, 4844, 32824
1, 7, 10045200000, 4844, 6085
1, 8, 10051200000, 4844, 6085
1, 9, 10053200000, 96231, 8482
1, 10, 10056200000, 4844, 5683
1, 11, 10068200000, 190811, 6884
1, 12, 10071200000, 269482, 4884
1, 13, 10084200000, 4844, 4884
1, 14, 10086200000, 5482, 6085
1, 15, 10087200000, 67937, 74076
1, 16, 10113200000, 5683, 7482
1, 17, 10118200000, 532895, 6085
1, 18, 10130200000, 287823, 62189
1, 19, 10132200000, 396386, 6085
1, 20, 10138200000, 6482, 6085
2, 3, 10141200000, 152093, 6683
2, 4, 10143200000, 6683, 7482
2, 5, 10144200000, 5085, 6326
2, 6, 10161200000, 6683, 6085
2, 7, 10170200000, 4844, 6085
2, 8, 10172200000, 4884, 6482
2, 9, 10178200000, 5085, 6326
2, 10, 10188200000, 5482, 14167
2, 11, 10198200000, 33683, 33800
2, 12, 10200200000, 4844, 61354
2, 13, 10202200000, 4844, 5482
2, 14, 10205200000, 267315, 7482
2, 15, 10212200000, 5482, 164678
2, 16, 10213200000, 132482, 170953
2, 17, 10218200000, 5482, 18532
2, 18, 10223200000, 14118, 411482
2, 20, 10226200000, 35607, 6085
3, 4, 10240200000, 5085, 7482
3, 5, 10241200000, 5884, 16042
3, 6, 10248200000, 8482, 10683
3, 7, 10256200000, 5683, 24870
3, 8, 10264200000, 206829, 86898
3, 9, 10272200000, 5884, 6326
3, 10, 10275200000, 5884, 41053
3, 11, 10285200000, 557517, 6884
3, 12, 10289200000, 4844, 4884
3, 14, 10303200000, 153482, 156175
3, 15, 10308200000, 4844, 4884
3, 16, 10311200000, 5884, 6884
3, 17, 10315200000, 4884, 51965
3, 18, 10334200000, 4844, 6482
3, 19, 10336200000, 23482, 6085
3, 20, 10346200000, 4884, 6482
4, 5, 10350200000, 418111, 6085
4, 6, 10358200000, 4844, 59596
4, 7, 10361200000, 5482, 6085
4, 8, 10376200000, 4884, 6683
4, 9, 10377200000, 5085, 6326
4, 10, 10395200000, 35060, 4884
4, 11, 10398200000, 5884, 6884
4, 12, 10402200000, 310977, 42683
4, 13, 10408200000, 4884, 4884
4, 14, 10412200000, 5482, 6085
4, 15, 10414200000, 4844, 501250
4, 16, 10427200000, 4884, 6085
4, 17, 10428200000, 4844, 411880
4, 18, 10430200000, 5085, 6884
4, 19, 10443200000, 5683, 6085
4, 20, 10446200000, 4844, 6482
5, 6, 10451200000, 4884, 6683
5, 7, 10455200000, 4844, 6482
5, 8, 10469200000, 5085, 6884
5, 9, 10478200000, 5683, 6683
5, 10, 10486200000, 4884, 15564
5, 11, 10489200000, 123550, 66482
5, 12, 10491200000, 5683, 19482
5, 13, 10492200000, 4844, 4884
5, 14, 10495200000, 497314, 6085
5, 15, 10496200000, 5482, 98917
5, 16, 10497200000, 66683, 67540
5, 17, 10503200000, 5683, 6482
5, 18, 10504200000, 4844, 6482
5, 19, 10508200000, 92255, 114485
5, 20, 10511200000, 4844, 6085
6, 7, 10512200000, 4884, 602147
6, 8, 10514200000, 5085, 57735
6, 9, 10515200000, 4884, 6125
6, 10, 10533200000, 103810, 564664
6, 11, 10534200000, 4844, 6085
6, 12, 10536200000, 5482, 5683
6, 13, 10538200000, 5884, 6482
6, 14, 10544200000, 5884, 6085
6, 15, 10546200000, 30747, 4884
6, 16, 10548200000, 160132, 7326
6, 17, 10549200000, 6928, 6326
6, 18, 10552200000, 4844, 6683
6, 19, 10554200000, 5085, 7482
6, 20, 10557200000, 4844, 6085
7, 8, 10561200000, 4884, 70588
7, 9, 10565200000, 5683, 6085
7, 10, 10584200000, 5884, 56274
7, 11, 10587200000, 544031, 6482
7, 12, 10588200000, 4844, 4884
7, 13, 10590200000, 113397, 47657
7, 14, 10593200000, 4844, 6085
7, 15, 10598200000, 106683, 110518
7, 16, 10606200000, 5683, 6085
7, 17, 10610200000, 4844, 6085
7, 18, 10617200000, 5884, 6085
7, 19, 10619200000, 4844, 6085
7, 20, 10623200000, 63513, 6085
8, 9, 10624200000, 4844, 6085
8, 10, 10629200000, 4844, 7839
8, 11, 10631200000, 173313, 6482
8, 12, 10641200000, 5482, 6125
8, 13, 10645200000, 5482, 4884
8, 14, 10647200000, 4884, 6085
8, 15, 10656200000, 4844, 4884
8, 16, 10658200000, 19862, 6085
8, 17, 10662200000, 4844, 6085
8, 18, 10664200000, 4844, 6085
8, 19, 10668200000, 5884, 7482
8, 20, 10674200000, 193247, 6085
9, 10, 10678200000, 4844, 4884
9, 11, 10679200000, 4844, 37250
9, 12, 10684200000, 4844, 67660
9, 13, 10687200000, 4844, 4884
9, 15, 10693200000, 4884, 30787
9, 16, 10700200000, 4844, 6085
9, 17, 10706200000, 4844, 8482
9, 18, 10712200000, 279315, 6085
9, 19, 10714200000, 153482, 6085
9, 20, 10715200000, 62105, 63346
10, 11, 10722200000, 3643, 6085
10, 12, 10726200000, 3643, 4884
10, 13, 10727200000, 55333, 4884
10, 14, 10736200000, 3643, 6683
10, 15, 10741200000, 4482, 4884
10, 16, 10749200000, 340725, 6085
10, 17, 10758200000, 3884, 6326
10, 18, 10761200000, 3643, 182780
10, 19, 10765200000, 4683, 6683
10, 20, 10774200000, 3884, 6326
11, 12, 10779200000, 4884, 4924
11, 13, 10780200000, 988111, 538404
11, 14, 10793200000, 186330, 6085
11, 15, 10799200000, 25887, 5482
11, 16, 10805200000, 5884, 6884
11, 17, 10809200000, 6205, 6085
11, 18, 10816200000, 76683, 77125
11, 19, 10821200000, 7796, 6085
11, 20, 10826200000, 4844, 6085
12, 13, 10828200000, 79864, 294613
12, 14, 10834200000, 4482, 6683
12, 15, 10837200000, 4482, 5482
12, 16, 10841200000, 4482, 6085
12, 17, 10861200000, 3643, 6085
12, 18, 10862200000, 216471, 217672
12, 19, 10863200000, 5482, 6326
12, 20, 10866200000, 3643, 6085
13, 14, 10869200000, 4482, 6085
13, 15, 10873200000, 3683, 4884
13, 16, 10875200000, 3643, 58739
13, 17, 10876200000, 71480, 6085
13, 18, 10885200000, 4683, 7125
13, 19, 10888200000, 4482, 62796
13, 20, 10896200000, 3643, 6085
14, 15, 10900200000, 5884, 386955
14, 16, 10902200000, 5884, 6683
14, 17, 10918200000, 5884, 7482
14, 18, 10926200000, 14640, 6085
14, 19, 10930200000, 5683, 567011
14, 20, 10933200000, 5884, 6683
15, 16, 10934200000, 216040, 6085
15, 17, 10939200000, 4683, 6085
15, 18, 10950200000, 111042, 6326
15, 19, 10952200000, 4683, 83397
15, 20, 10954200000, 3643, 6085
16, 17, 10955200000, 5085, 9482
16, 18, 10960200000, 4844, 6683
16, 19, 10983200000, 17693, 60207
16, 20, 10987200000, 4844, 332941
17, 18, 11005200000, 5482, 192934
17, 19, 11008200000, 48884, 56266
17, 20, 11015200000, 4844, 7482
18, 19, 11020200000, 60430, 323557
18, 20, 11026200000, 4884, 6085
19, 20, 11029200000, 5482, 6326
