1, 2, 1033200000, 4844, 6482
1, 3, 1035200000, 4844, 6884
1, 4, 1036200000, 5482, 7482
1, 5, 1040200000, 4844, 6085
1, 6, 1045200000, 4844, 6085
1, 7, 1047200000, 49585, 6884
1, 8, 1052200000, 5482, 6085
1, 9, 1055200000, 4844, 6085
1, 10, 1084200000, 5085, 5125
1, 11, 1095200000, 5482, 27504
1, 13, 1114200000, 4844, 4884
1, 14, 1120200000, 4844, 7482
1, 15, 1122200000, 4844, 4884
1, 17, 1152200000, 4844, 33233
1, 18, 1154200000, 4844, 6482
1, 19, 1157200000, 4844, 6884
1, 20, 1177200000, 20424, 6085
2, 3, 1190200000, 5683, 6085
2, 4, 1203200000, 5683, 6085
2, 5, 1204200000, 5683, 6482
2, 6, 1205200000, 5482, 20669
2, 7, 1206200000, 5085, 6326
2, 8, 1213200000, 4844, 6085
2, 9, 1214200000, 5683, 6085
2, 11, 1218200000, 5683, 6085
2, 12, 1219200000, 18482, 5482
2, 13, 1220200000, 4844, 4884
2, 14, 1229200000, 4884, 6125
2, 15, 1231200000, 5085, 5125
2, 16, 1235200000, 25811, 27052
2, 17, 1243200000, 4844, 20043
2, 18, 1257200000, 5683, 6482
2, 19, 1258200000, 5085, 6326
2, 20, 1259200000, 30843, 6683
3, 4, 1265200000, 4884, 6683
3, 5, 1266200000, 5085, 7482
3, 6, 1271200000, 4844, 6683
3, 7, 1273200000, 36732, 58739
3, 8, 1277200000, 5683, 6085
3, 9, 1280200000, 4844, 32959
3, 11, 1287200000, 5884, 6326
3, 12, 1289200000, 4884, 37736
3, 13, 1296200000, 4844, 4884
3, 15, 1299200000, 5085, 5125
3, 16, 1306200000, 5884, 6326
3, 17, 1308200000, 4844, 6085
3, 18, 1313200000, 28482, 29683
3, 19, 1318200000, 5085, 6683
3, 20, 1323200000, 5482, 6085
4, 5, 1324200000, 5884, 6326
4, 6, 1326200000, 5884, 6085
4, 7, 1330200000, 4884, 6482
4, 8, 1339200000, 4844, 6482
4, 10, 1345200000, 4884, 4884
4, 11, 1349200000, 4844, 6085
4, 13, 1355200000, 60683, 58718
4, 14, 1359200000, 4844, 6085
4, 15, 1361200000, 4844, 5482
4, 16, 1363200000, 5683, 6085
4, 17, 1371200000, 4844, 6085
4, 18, 1378200000, 5482, 50568
4, 19, 1383200000, 5884, 6884
4, 20, 1386200000, 18482, 6085
5, 6, 1388200000, 4844, 6085
5, 7, 1389200000, 25967, 6085
5, 8, 1410200000, 5482, 6085
5, 9, 1412200000, 5884, 6085
5, 10, 1425200000, 5482, 4884
5, 11, 1429200000, 4844, 6085
5, 12, 1435200000, 5884, 5125
5, 13, 1445200000, 4844, 6482
5, 14, 1446200000, 4884, 6085
5, 15, 1447200000, 4884, 5482
5, 16, 1451200000, 6482, 6085
5, 17, 1466200000, 26222, 6085
5, 18, 1467200000, 5884, 6683
5, 19, 1471200000, 16006, 18488
5, 20, 1479200000, 4844, 6085
6, 7, 1482200000, 4844, 6683
6, 8, 1486200000, 18884, 19581
6, 9, 1491200000, 4844, 6085
6, 10, 1494200000, 29855, 30482
6, 11, 1495200000, 5085, 7482
6, 12, 1504200000, 5683, 5125
6, 13, 1511200000, 4844, 37974
6, 14, 1524200000, 5683, 6884
6, 15, 1526200000, 4844, 5683
6, 16, 1527200000, 5482, 6085
6, 17, 1531200000, 5482, 6683
6, 18, 1537200000, 5884, 6085
6, 19, 1542200000, 4844, 6482
6, 20, 1554200000, 5482, 7567
7, 8, 1557200000, 4844, 6085
7, 10, 1573200000, 38071, 5683
7, 11, 1576200000, 4844, 6085
7, 12, 1583200000, 5683, 4884
7, 13, 1590200000, 33438, 4884
7, 14, 1593200000, 4844, 30783
7, 15, 1601200000, 5884, 4884
7, 16, 1603200000, 4844, 6085
7, 17, 1613200000, 4844, 6085
7, 18, 1614200000, 4844, 72748
7, 19, 1616200000, 6683, 7125
7, 20, 1619200000, 4844, 6085
8, 9, 1621200000, 4844, 6085
8, 10, 1624200000, 4844, 5683
8, 11, 1627200000, 45734, 6085
8, 12, 1629200000, 5482, 5482
8, 13, 1637200000, 4844, 4884
8, 14, 1647200000, 4844, 6683
8, 15, 1652200000, 5482, 5125
8, 16, 1657200000, 5085, 6326
8, 17, 1658200000, 19493, 6482
8, 18, 1660200000, 4844, 6085
8, 20, 1680200000, 31777, 6085
9, 10, 1681200000, 4844, 5482
9, 11, 1683200000, 5683, 6085
9, 12, 1691200000, 4844, 4884
9, 14, 1695200000, 4844, 6085
9, 15, 1697200000, 5085, 5125
9, 16, 1713200000, 5085, 6326
9, 17, 1719200000, 4844, 6085
9, 18, 1729200000, 4844, 7683
9, 19, 1731200000, 4844, 6884
9, 20, 1732200000, 40497, 41738
10, 11, 1735200000, 52482, 6085
10, 12, 1737200000, 5482, 5482
10, 13, 1739200000, 43167, 45482
10, 14, 1750200000, 68889, 6085
10, 15, 1751200000, 9579, 5482
10, 16, 1752200000, 4683, 6884
10, 17, 1766200000, 70226, 6884
10, 18, 1769200000, 3683, 6085
10, 19, 1785200000, 5482, 6884
10, 20, 1789200000, 3643, 6085
11, 12, 1790200000, 5085, 7482
11, 13, 1795200000, 4884, 6165
11, 14, 1808200000, 4884, 30482
11, 15, 1823200000, 5683, 60872
11, 16, 1830200000, 5683, 6085
11, 17, 1841200000, 4844, 6085
11, 18, 1842200000, 5482, 6085
11, 19, 1845200000, 5884, 6085
11, 20, 1847200000, 5085, 7482
12, 13, 1849200000, 3884, 5125
12, 14, 1850200000, 3884, 6482
12, 15, 1867200000, 3884, 5125
12, 17, 1872200000, 3643, 6085
12, 18, 1876200000, 3643, 7482
12, 19, 1887200000, 51718, 6884
12, 20, 1891200000, 3643, 6085
13, 14, 1893200000, 3884, 6326
13, 15, 1899200000, 4482, 4884
13, 16, 1912200000, 90502, 6482
13, 17, 1915200000, 48545, 6085
13, 18, 1916200000, 23481, 27482
13, 19, 1918200000, 3643, 6085
13, 20, 1919200000, 3683, 6683
14, 15, 1920200000, 4844, 18222
14, 16, 1928200000, 5482, 6326
14, 17, 1934200000, 4844, 6085
14, 18, 1948200000, 91482, 48082
14, 19, 1951200000, 17858, 19683
14, 20, 1953200000, 58946, 60884
15, 16, 1964200000, 3683, 7482
15, 17, 1976200000, 4482, 6085
15, 18, 1979200000, 4683, 6085
15, 19, 1984200000, 59482, 6085
15, 20, 1989200000, 3643, 31971
16, 17, 1997200000, 4884, 6125
16, 18, 1998200000, 5884, 57362
16, 19, 2001200000, 4884, 6085
17, 18, 2009200000, 5884, 6326
17, 19, 2015200000, 4844, 6683
17, 20, 2017200000, 71289, 72530
18, 19, 2021200000, 5884, 7482
18, 20, 2026200000, 4844, 6085
19, 20, 2028200000, 4844, 6884
1, 2, 2033200000, 5085, 6884
1, 3, 2035200000, 4844, 6085
1, 4, 2036200000, 25039, 70077
1, 5, 2040200000, 4844, 6085
1, 6, 2045200000, 4844, 6085
1, 7, 2047200000, 4844, 6884
1, 8, 2052200000, 5683, 6884
1, 9, 2055200000, 6482, 7125
1, 10, 2084200000, 5884, 6482
1, 11, 2095200000, 5482, 6683
1, 12, 2102200000, 4844, 4884
1, 13, 2114200000, 5482, 4884
1, 14, 2120200000, 5884, 6085
1, 15, 2122200000, 4844, 5482
1, 16, 2134200000, 5482, 6085
1, 17, 2152200000, 39618, 40859
1, 18, 2154200000, 7169, 33635
1, 19, 2157200000, 4884, 6683
1, 20, 2177200000, 4844, 6482
2, 3, 2190200000, 30482, 54733
2, 4, 2203200000, 5683, 6085
2, 7, 2206200000, 18416, 6085
2, 8, 2213200000, 5884, 6085
2, 9, 2214200000, 4884, 6085
2, 10, 2216200000, 81733, 5683
2, 11, 2218200000, 4884, 6482
2, 12, 2219200000, 5683, 30462
2, 13, 2220200000, 6482, 5125
2, 14, 2229200000, 7482, 70482
2, 15, 2231200000, 5884, 4884
2, 16, 2235200000, 5884, 6326
2, 17, 2243200000, 5884, 6482
2, 18, 2257200000, 12471, 6085
2, 19, 2258200000, 4844, 6085
2, 20, 2259200000, 49482, 6085
3, 4, 2265200000, 4844, 6085
3, 5, 2266200000, 5683, 6085
3, 6, 2271200000, 4844, 6482
3, 7, 2273200000, 4844, 6085
3, 8, 2277200000, 4844, 7482
3, 9, 2280200000, 5482, 6085
3, 10, 2283200000, 4844, 5482
3, 11, 2287200000, 5683, 6326
3, 12, 2289200000, 4884, 5683
3, 13, 2296200000, 4884, 4884
3, 14, 2297200000, 5085, 6326
3, 15, 2299200000, 4844, 4884
3, 16, 2306200000, 4844, 6085
3, 17, 2308200000, 5085, 6326
3, 18, 2313200000, 4844, 6085
3, 19, 2318200000, 4844, 6085
3, 20, 2323200000, 4844, 6085
4, 6, 2326200000, 4844, 6085
4, 7, 2330200000, 5683, 6085
4, 8, 2339200000, 5482, 6683
4, 9, 2342200000, 6683, 7482
4, 10, 2345200000, 6482, 6482
4, 11, 2349200000, 4844, 6085
4, 12, 2351200000, 5085, 5125
4, 13, 2355200000, 6683, 4884
4, 15, 2361200000, 4844, 4884
4, 16, 2363200000, 4844, 6085
4, 17, 2371200000, 5085, 6683
4, 18, 2378200000, 5884, 7482
4, 20, 2386200000, 63167, 6085
5, 6, 2388200000, 5085, 6482
5, 7, 2389200000, 4844, 6482
5, 8, 2410200000, 4844, 6085
5, 9, 2412200000, 5683, 6085
5, 10, 2425200000, 4844, 19420
5, 11, 2429200000, 54884, 55604
5, 12, 2435200000, 69041, 4884
5, 13, 2445200000, 5884, 5683
5, 14, 2446200000, 54365, 6085
5, 15, 2447200000, 60109, 5683
5, 17, 2466200000, 5683, 52669
5, 18, 2467200000, 4844, 6085
5, 19, 2471200000, 4844, 7482
5, 20, 2479200000, 5884, 6085
6, 8, 2486200000, 5683, 6085
6, 9, 2491200000, 5085, 6326
6, 11, 2495200000, 4844, 6085
6, 12, 2504200000, 20424, 4884
6, 13, 2511200000, 4844, 67838
6, 14, 2524200000, 5482, 6683
6, 15, 2526200000, 4844, 4884
6, 16, 2527200000, 5085, 6326
6, 17, 2531200000, 5085, 63482
6, 18, 2537200000, 6482, 6085
6, 20, 2554200000, 5884, 7125
7, 8, 2557200000, 4884, 6085
7, 9, 2571200000, 4844, 6085
7, 10, 2573200000, 4844, 4884
7, 11, 2576200000, 4884, 6085
7, 12, 2583200000, 4844, 5683
7, 13, 2590200000, 6482, 4884
7, 14, 2593200000, 4884, 6085
7, 15, 2601200000, 6683, 4884
7, 16, 2603200000, 4844, 6085
7, 19, 2616200000, 5085, 7567
7, 20, 2619200000, 4844, 6085
8, 9, 2621200000, 4844, 6683
8, 10, 2624200000, 5884, 4884
8, 11, 2627200000, 5884, 7125
8, 12, 2629200000, 4844, 4884
8, 13, 2637200000, 4844, 5482
8, 14, 2647200000, 7543, 6326
8, 15, 2652200000, 4884, 5683
8, 18, 2660200000, 5085, 6482
8, 20, 2680200000, 5884, 6683
9, 10, 2681200000, 4884, 53401
9, 11, 2683200000, 4844, 6085
9, 12, 2691200000, 5683, 4884
9, 13, 2694200000, 4844, 5482
9, 14, 2695200000, 4844, 6884
9, 15, 2697200000, 4844, 5482
9, 16, 2713200000, 4844, 6085
9, 17, 2719200000, 4884, 6125
9, 18, 2729200000, 5482, 7482
9, 19, 2731200000, 52196, 6085
9, 20, 2732200000, 72482, 72589
10, 11, 2735200000, 3884, 6326
10, 12, 2737200000, 3643, 31751
10, 14, 2750200000, 33362, 6085
10, 15, 2751200000, 3643, 5482
10, 16, 2752200000, 4683, 6884
10, 17, 2766200000, 22441, 50322
10, 18, 2769200000, 4482, 6085
10, 19, 2785200000, 67482, 6326
10, 20, 2789200000, 4482, 6085
11, 12, 2790200000, 21482, 6125
11, 13, 2795200000, 4844, 27902
11, 14, 2808200000, 4844, 38254
11, 15, 2823200000, 6683, 5482
11, 16, 2830200000, 5884, 6326
11, 17, 2841200000, 66683, 6326
11, 18, 2842200000, 5085, 6326
11, 19, 2845200000, 4844, 69540
11, 20, 2847200000, 4844, 6085
12, 13, 2849200000, 3643, 5482
12, 14, 2850200000, 3643, 7683
12, 15, 2867200000, 3683, 4884
12, 16, 2868200000, 17482, 19300
12, 17, 2872200000, 48139, 6085
12, 18, 2876200000, 27895, 7482
12, 19, 2887200000, 4482, 7482
12, 20, 2891200000, 64482, 6085
13, 14, 2893200000, 49480, 118016
13, 15, 2899200000, 3884, 5125
13, 16, 2912200000, 42801, 6085
13, 17, 2915200000, 3643, 16482
13, 18, 2916200000, 3884, 6326
13, 19, 2918200000, 3643, 11704
13, 20, 2919200000, 4683, 6085
14, 15, 2920200000, 4844, 4884
14, 16, 2928200000, 5085, 6326
14, 17, 2934200000, 5085, 7482
14, 18, 2948200000, 4844, 6085
14, 19, 2951200000, 4844, 6085
14, 20, 2953200000, 4844, 6884
15, 16, 2964200000, 55470, 54018
15, 17, 2976200000, 4683, 6884
15, 19, 2984200000, 3643, 6085
15, 20, 2989200000, 3683, 6085
16, 17, 2997200000, 5085, 6326
16, 18, 2998200000, 4844, 93956
16, 19, 3001200000, 5085, 6326
16, 20, 3004200000, 5683, 6085
17, 18, 3009200000, 4844, 6482
17, 19, 3015200000, 32683, 33559
17, 20, 3017200000, 5482, 6085
18, 19, 3021200000, 4844, 6884
18, 20, 3026200000, 4884, 6085
19, 20, 3028200000, 30482, 7683
1, 2, 3033200000, 4844, 6085
1, 3, 3035200000, 8892, 52850
1, 4, 3036200000, 5683, 6482
1, 5, 3040200000, 4844, 6085
1, 6, 3045200000, 66564, 57683
1, 7, 3047200000, 4844, 6085
1, 8, 3052200000, 5085, 6326
1, 9, 3055200000, 4884, 6683
1, 10, 3084200000, 5683, 5482
1, 11, 3095200000, 39482, 40548
1, 12, 3102200000, 4844, 5683
1, 13, 3114200000, 4844, 4884
1, 14, 3120200000, 5683, 37772
1, 15, 3122200000, 80482, 80683
1, 16, 3134200000, 5482, 7482
1, 17, 3152200000, 5683, 6085
1, 18, 3154200000, 4844, 6085
1, 19, 3157200000, 4844, 6085
1, 20, 3177200000, 5884, 7125
2, 3, 3190200000, 5884, 7125
2, 5, 3204200000, 5085, 6482
2, 6, 3205200000, 4884, 6085
2, 7, 3206200000, 4844, 6884
2, 8, 3213200000, 40442, 6085
2, 9, 3214200000, 5482, 6085
2, 10, 3216200000, 4844, 5683
2, 11, 3218200000, 7482, 6884
2, 12, 3219200000, 4844, 5482
2, 13, 3220200000, 33482, 32117
2, 14, 3229200000, 4844, 6085
2, 16, 3235200000, 6482, 6085
2, 18, 3257200000, 5884, 6683
2, 19, 3258200000, 67802, 6085
2, 20, 3259200000, 4844, 6085
3, 4, 3265200000, 4844, 34808
3, 5, 3266200000, 4844, 6085
3, 6, 3271200000, 4844, 6482
3, 8, 3277200000, 5884, 6482
3, 9, 3280200000, 5482, 6085
3, 11, 3287200000, 5683, 6085
3, 12, 3289200000, 5683, 15482
3, 13, 3296200000, 7482, 5482
3, 14, 3297200000, 6482, 8366
3, 15, 3299200000, 5884, 4884
3, 16, 3306200000, 4844, 6085
3, 17, 3308200000, 5085, 62030
3, 18, 3313200000, 4844, 6884
3, 19, 3318200000, 4884, 6085
3, 20, 3323200000, 5683, 6326
4, 5, 3324200000, 5884, 6884
4, 6, 3326200000, 4844, 6085
4, 7, 3330200000, 5482, 51469
4, 9, 3342200000, 5884, 6683
4, 10, 3345200000, 4844, 4884
4, 11, 3349200000, 4844, 6085
4, 12, 3351200000, 4844, 5482
4, 13, 3355200000, 4844, 5683
4, 14, 3359200000, 5085, 7567
4, 15, 3361200000, 5482, 4884
4, 16, 3363200000, 5884, 6085
4, 17, 3371200000, 50951, 14230
4, 18, 3378200000, 5085, 6884
4, 19, 3383200000, 5085, 6326
4, 20, 3386200000, 25683, 6085
5, 7, 3389200000, 4884, 7482
5, 8, 3410200000, 4884, 6085
5, 9, 3412200000, 4844, 6085
5, 10, 3425200000, 32876, 4884
5, 11, 3429200000, 56617, 6085
5, 12, 3435200000, 5884, 5683
5, 13, 3445200000, 67884, 68454
5, 14, 3446200000, 5884, 6085
5, 15, 3447200000, 4844, 4884
5, 17, 3466200000, 4844, 6085
5, 18, 3467200000, 6482, 6085
5, 19, 3471200000, 4844, 6482
5, 20, 3479200000, 4844, 6085
6, 7, 3482200000, 5085, 6884
6, 8, 3486200000, 4844, 6085
6, 9, 3491200000, 4844, 6085
6, 11, 3495200000, 4844, 6085
6, 12, 3504200000, 4844, 4884
6, 13, 3511200000, 4844, 5482
6, 14, 3524200000, 4844, 6085
6, 15, 3526200000, 6683, 4884
6, 16, 3527200000, 5884, 7125
6, 17, 3531200000, 4844, 6482
6, 18, 3537200000, 54490, 55731
6, 19, 3542200000, 46613, 70510
6, 20, 3554200000, 11748, 6085
7, 8, 3557200000, 4844, 27931
7, 9, 3571200000, 5884, 6326
7, 10, 3573200000, 4844, 72482
7, 11, 3576200000, 4884, 6085
7, 12, 3583200000, 5085, 63081
7, 13, 3590200000, 4844, 5683
7, 15, 3601200000, 5884, 4884
7, 16, 3603200000, 5482, 6085
7, 17, 3613200000, 22513, 6482
7, 18, 3614200000, 6683, 6884
7, 19, 3616200000, 5884, 8482
7, 20, 3619200000, 5683, 6085
8, 9, 3621200000, 5085, 6326
8, 10, 3624200000, 4844, 4884
8, 11, 3627200000, 4844, 8482
8, 12, 3629200000, 4844, 25762
8, 13, 3637200000, 4844, 4884
8, 14, 3647200000, 51357, 54482
8, 16, 3657200000, 5482, 6326
8, 17, 3658200000, 5085, 6326
8, 18, 3660200000, 4844, 7326
8, 19, 3678200000, 4884, 6482
8, 20, 3680200000, 5482, 6085
9, 10, 3681200000, 49786, 4884
9, 11, 3683200000, 4844, 6085
9, 12, 3691200000, 4844, 4884
9, 13, 3694200000, 4844, 5482
9, 14, 3695200000, 5884, 6683
9, 15, 3697200000, 4844, 5683
9, 16, 3713200000, 5683, 6125
9, 17, 3719200000, 4844, 6085
9, 18, 3729200000, 4844, 119153
9, 19, 3731200000, 4844, 44482
9, 20, 3732200000, 4844, 6085
10, 11, 3735200000, 3643, 6085
10, 12, 3737200000, 3643, 4884
10, 13, 3739200000, 4683, 4884
10, 14, 3750200000, 3683, 6085
10, 15, 3751200000, 3643, 4884
10, 16, 3752200000, 3643, 6085
10, 17, 3766200000, 66180, 61149
10, 18, 3769200000, 4482, 50271
10, 19, 3785200000, 32880, 6085
10, 20, 3789200000, 3643, 6085
11, 12, 3790200000, 4844, 4884
11, 13, 3795200000, 4884, 6482
11, 14, 3808200000, 4844, 6085
11, 15, 3823200000, 4884, 5482
11, 16, 3830200000, 9780, 6326
11, 17, 3841200000, 64688, 6482
11, 18, 3842200000, 4884, 6683
11, 19, 3845200000, 5683, 6482
11, 20, 3847200000, 5884, 6085
12, 13, 3849200000, 3643, 5482
12, 14, 3850200000, 4482, 6884
12, 15, 3867200000, 4482, 5683
12, 16, 3868200000, 3884, 6326
12, 17, 3872200000, 4482, 7482
12, 18, 3876200000, 3643, 7326
12, 19, 3887200000, 3643, 51806
12, 20, 3891200000, 3643, 6085
13, 14, 3893200000, 3643, 37049
13, 15, 3899200000, 3643, 5482
13, 16, 3912200000, 3643, 6085
13, 17, 3915200000, 3884, 7482
13, 18, 3916200000, 4482, 6085
13, 19, 3918200000, 4482, 19482
13, 20, 3919200000, 12395, 6884
14, 15, 3920200000, 4844, 5683
14, 16, 3928200000, 4844, 6482
14, 17, 3934200000, 43962, 6683
14, 18, 3948200000, 5482, 6482
14, 19, 3951200000, 4844, 8482
15, 17, 3976200000, 3643, 6085
15, 18, 3979200000, 3683, 46133
15, 19, 3984200000, 3643, 6085
15, 20, 3989200000, 3683, 6683
16, 17, 3997200000, 4844, 6085
16, 18, 3998200000, 4844, 27409
16, 19, 4001200000, 36897, 38884
16, 20, 4004200000, 4844, 6085
17, 18, 4009200000, 4844, 6482
17, 19, 4015200000, 6482, 65683
17, 20, 4017200000, 4844, 6085
18, 19, 4021200000, 4884, 59482
18, 20, 4026200000, 17291, 6085
19, 20, 4028200000, 4844, 6085
1, 2, 4033200000, 56092, 7482
1, 3, 4035200000, 5884, 6482
1, 4, 4036200000, 4844, 7683
1, 5, 4040200000, 47657, 6085
1, 6, 4045200000, 4844, 6085
1, 7, 4047200000, 4844, 6884
1, 8, 4052200000, 4844, 6482
1, 9, 4055200000, 4844, 30542
1, 10, 4084200000, 5884, 5482
1, 11, 4095200000, 5085, 6326
1, 12, 4102200000, 4844, 4884
1, 13, 4114200000, 4844, 4884
1, 14, 4120200000, 4844, 6085
1, 15, 4122200000, 5482, 5482
1, 16, 4134200000, 52718, 6085
1, 17, 4152200000, 5884, 7125
1, 18, 4154200000, 4844, 6085
1, 19, 4157200000, 5482, 6085
1, 20, 4177200000, 5683, 6326
2, 3, 4190200000, 5884, 7125
2, 4, 4203200000, 5482, 6085
2, 5, 4204200000, 5085, 6326
2, 6, 4205200000, 65912, 6085
2, 7, 4206200000, 17482, 18135
2, 9, 4214200000, 4884, 6085
2, 10, 4216200000, 4844, 4884
2, 11, 4218200000, 39482, 7683
2, 12, 4219200000, 4844, 4884
2, 13, 4220200000, 9017, 4884
2, 14, 4229200000, 4844, 6683
2, 15, 4231200000, 17858, 17898
2, 16, 4235200000, 63648, 65683
2, 17, 4243200000, 5482, 6085
2, 18, 4257200000, 4844, 6085
2, 20, 4259200000, 6482, 6683
3, 4, 4265200000, 4884, 6125
3, 5, 4266200000, 68880, 28482
3, 6, 4271200000, 5482, 6085
3, 7, 4273200000, 8575, 6482
3, 8, 4277200000, 5683, 52607
3, 9, 4280200000, 6482, 60908
3, 10, 4283200000, 5482, 4884
3, 11, 4287200000, 5085, 6326
3, 12, 4289200000, 42074, 4884
3, 13, 4296200000, 5884, 4884
3, 14, 4297200000, 4844, 6482
3, 15, 4299200000, 51232, 5125
3, 16, 4306200000, 4844, 6085
3, 17, 4308200000, 5085, 7482
3, 18, 4313200000, 4844, 10298
3, 19, 4318200000, 4844, 6683
3, 20, 4323200000, 9615, 6085
4, 5, 4324200000, 5884, 6085
4, 6, 4326200000, 5884, 76482
4, 7, 4330200000, 4884, 6085
4, 8, 4339200000, 5085, 6326
4, 9, 4342200000, 5482, 6683
4, 10, 4345200000, 5085, 5125
4, 11, 4349200000, 5884, 6085
4, 12, 4351200000, 5482, 56737
4, 13, 4355200000, 4884, 4884
4, 14, 4359200000, 6683, 7125
4, 16, 4363200000, 5683, 6085
4, 17, 4371200000, 4844, 6884
4, 18, 4378200000, 4844, 6085
4, 19, 4383200000, 4844, 6683
4, 20, 4386200000, 62599, 6683
5, 6, 4388200000, 5884, 6085
5, 7, 4389200000, 4844, 6085
5, 8, 4410200000, 5482, 6085
5, 9, 4412200000, 5482, 6085
5, 10, 4425200000, 4884, 18528
5, 11, 4429200000, 6683, 6085
5, 12, 4435200000, 5683, 36813
5, 13, 4445200000, 4844, 4884
5, 14, 4446200000, 4844, 57735
5, 15, 4447200000, 4844, 4884
5, 16, 4451200000, 49746, 6085
5, 17, 4466200000, 5085, 6683
5, 18, 4467200000, 5884, 6085
5, 19, 4471200000, 6482, 81151
5, 20, 4479200000, 5085, 6683
6, 7, 4482200000, 4844, 6482
6, 8, 4486200000, 4844, 6085
6, 9, 4491200000, 5683, 6683
6, 10, 4494200000, 4844, 5683
6, 11, 4495200000, 19482, 20683
6, 12, 4504200000, 4844, 4884
6, 13, 4511200000, 4884, 5683
6, 14, 4524200000, 5884, 6085
6, 15, 4526200000, 6482, 5683
6, 16, 4527200000, 4844, 6085
6, 17, 4531200000, 46134, 7683
6, 18, 4537200000, 4844, 85309
6, 19, 4542200000, 5683, 23629
6, 20, 4554200000, 4844, 7482
7, 8, 4557200000, 4844, 6683
7, 9, 4571200000, 5884, 6085
7, 10, 4573200000, 5683, 5482
7, 11, 4576200000, 5884, 6482
7, 12, 4583200000, 26482, 5482
7, 13, 4590200000, 4884, 4884
7, 14, 4593200000, 18482, 65683
7, 15, 4601200000, 17291, 6482
7, 16, 4603200000, 35527, 6085
7, 18, 4614200000, 5085, 6326
7, 19, 4616200000, 45006, 7366
7, 20, 4619200000, 4844, 6683
8, 9, 4621200000, 5085, 6326
8, 10, 4624200000, 42922, 42962
8, 11, 4627200000, 4844, 6085
8, 12, 4629200000, 11110, 11150
8, 13, 4637200000, 28267, 4884
8, 14, 4647200000, 4844, 6085
8, 15, 4652200000, 54683, 55482
8, 16, 4657200000, 5085, 6326
8, 17, 4658200000, 4844, 6085
8, 18, 4660200000, 4884, 6125
8, 19, 4678200000, 54405, 6884
8, 20, 4680200000, 42757, 6326
9, 10, 4681200000, 5683, 5683
9, 11, 4683200000, 4844, 33974
9, 12, 4691200000, 4844, 6384
9, 13, 4694200000, 5884, 4884
9, 14, 4695200000, 4844, 6085
9, 16, 4713200000, 5482, 7482
9, 17, 4719200000, 4844, 6482
9, 18, 4729200000, 17617, 19884
9, 19, 4731200000, 4844, 6683
9, 20, 4732200000, 15082, 17564
10, 11, 4735200000, 3643, 6085
10, 12, 4737200000, 3643, 4884
10, 13, 4739200000, 3643, 5482
10, 14, 4750200000, 4482, 6085
10, 16, 4752200000, 4683, 6884
10, 17, 4766200000, 15769, 6326
10, 18, 4769200000, 3643, 64081
10, 19, 4785200000, 4696, 7138
10, 20, 4789200000, 8550, 6085
11, 12, 4790200000, 5884, 5924
11, 13, 4795200000, 4844, 6125
11, 15, 4823200000, 5884, 4884
11, 16, 4830200000, 4844, 6683
11, 17, 4841200000, 4844, 6085
11, 18, 4842200000, 4844, 6085
11, 19, 4845200000, 5683, 49541
11, 20, 4847200000, 5085, 6683
12, 13, 4849200000, 4683, 5924
12, 14, 4850200000, 83067, 40208
12, 15, 4867200000, 37700, 5482
12, 16, 4868200000, 3643, 6085
12, 17, 4872200000, 3643, 6085
12, 18, 4876200000, 6261, 6482
12, 19, 4887200000, 4683, 6085
12, 20, 4891200000, 3643, 6683
13, 14, 4893200000, 3884, 6326
13, 15, 4899200000, 31956, 5482
13, 16, 4912200000, 4683, 6085
13, 17, 4915200000, 3643, 40884
13, 18, 4916200000, 3643, 6085
13, 19, 4918200000, 3884, 6326
13, 20, 4919200000, 3683, 32785
14, 15, 4920200000, 5085, 7169
14, 16, 4928200000, 5482, 6482
14, 17, 4934200000, 5482, 6683
14, 18, 4948200000, 4884, 6085
14, 19, 4951200000, 31683, 6482
15, 16, 4964200000, 3643, 6085
15, 17, 4976200000, 3643, 6683
15, 18, 4979200000, 3643, 6482
15, 19, 4984200000, 5482, 16765
15, 20, 4989200000, 3643, 6884
16, 17, 4997200000, 4844, 6085
16, 18, 4998200000, 4844, 6085
16, 20, 5004200000, 4844, 6085
17, 18, 5009200000, 4844, 6085
17, 19, 5015200000, 4884, 6085
17, 20, 5017200000, 27895, 8482
18, 19, 5021200000, 5085, 6326
18, 20, 5026200000, 4844, 6085
19, 20, 5028200000, 5884, 62836
1, 2, 5033200000, 5085, 6326
1, 3, 5035200000, 4844, 6085
1, 4, 5036200000, 4844, 6085
1, 5, 5040200000, 73363, 64166
1, 6, 5045200000, 5085, 7567
1, 7, 5047200000, 4844, 6085
1, 8, 5052200000, 4844, 10204
1, 10, 5084200000, 5085, 5125
1, 11, 5095200000, 45729, 6085
1, 12, 5102200000, 5085, 5125
1, 13, 5114200000, 4844, 5683
1, 15, 5122200000, 5482, 71482
1, 16, 5134200000, 4844, 6085
1, 17, 5152200000, 59693, 8177
1, 18, 5154200000, 50095, 51884
1, 19, 5157200000, 4884, 6085
1, 20, 5177200000, 4844, 6085
2, 3, 5190200000, 6482, 7482
2, 4, 5203200000, 25482, 26633
2, 5, 5204200000, 4844, 6085
2, 6, 5205200000, 36482, 36884
2, 8, 5213200000, 4884, 6085
2, 9, 5214200000, 5482, 6683
2, 10, 5216200000, 5482, 5125
2, 11, 5218200000, 5085, 6326
2, 12, 5219200000, 4884, 20665
2, 13, 5220200000, 5884, 4884
2, 14, 5229200000, 42311, 7125
2, 15, 5231200000, 101683, 56482
2, 16, 5235200000, 5884, 6085
2, 17, 5243200000, 5085, 7482
2, 18, 5257200000, 4844, 11482
2, 19, 5258200000, 4844, 45482
2, 20, 5259200000, 24923, 6085
3, 4, 5265200000, 7482, 57851
3, 5, 5266200000, 5085, 6326
3, 6, 5271200000, 5683, 6482
3, 7, 5273200000, 4844, 7683
3, 8, 5277200000, 5683, 6482
3, 9, 5280200000, 5482, 6085
3, 10, 5283200000, 4844, 29482
3, 11, 5287200000, 46448, 6482
3, 13, 5296200000, 5482, 31510
3, 14, 5297200000, 43482, 44833
3, 15, 5299200000, 5683, 5683
3, 16, 5306200000, 12683, 13315
3, 17, 5308200000, 5683, 6482
3, 18, 5313200000, 15683, 17482
3, 19, 5318200000, 5884, 6884
3, 20, 5323200000, 4844, 6085
4, 5, 5324200000, 5085, 7482
4, 6, 5326200000, 5482, 6085
4, 7, 5330200000, 5482, 6085
4, 8, 5339200000, 6482, 6884
4, 9, 5342200000, 44560, 14913
4, 10, 5345200000, 5482, 5366
4, 11, 5349200000, 21986, 6085
4, 12, 5351200000, 4844, 4884
4, 13, 5355200000, 4884, 4884
4, 14, 5359200000, 6482, 7125
4, 15, 5361200000, 4844, 4884
4, 16, 5363200000, 4844, 7683
4, 17, 5371200000, 5482, 6085
4, 18, 5378200000, 4844, 6482
4, 19, 5383200000, 4844, 6482
4, 20, 5386200000, 5884, 6482
5, 6, 5388200000, 4844, 6683
5, 7, 5389200000, 41683, 42924
5, 8, 5410200000, 5683, 6085
5, 9, 5412200000, 6482, 6326
5, 10, 5425200000, 4844, 5482
5, 11, 5429200000, 4884, 6085
5, 12, 5435200000, 4844, 5683
5, 13, 5445200000, 4884, 4884
5, 14, 5446200000, 5884, 6085
5, 15, 5447200000, 4884, 4884
5, 16, 5451200000, 18137, 6482
5, 18, 5467200000, 6482, 68066
5, 19, 5471200000, 40482, 42683
5, 20, 5479200000, 4884, 23071
6, 7, 5482200000, 5482, 15118
6, 8, 5486200000, 4884, 6683
6, 9, 5491200000, 4844, 6482
6, 10, 5494200000, 5683, 5482
6, 11, 5495200000, 4884, 6085
6, 12, 5504200000, 5683, 5125
6, 13, 5511200000, 4844, 4884
6, 14, 5524200000, 4844, 6085
6, 15, 5526200000, 5085, 5482
6, 16, 5527200000, 4844, 6085
6, 17, 5531200000, 5085, 6326
6, 18, 5537200000, 5884, 13722
6, 19, 5542200000, 4844, 6482
6, 20, 5554200000, 5683, 6085
7, 8, 5557200000, 5884, 6683
7, 10, 5573200000, 40510, 4884
7, 11, 5576200000, 37379, 39683
7, 12, 5583200000, 5683, 4884
7, 13, 5590200000, 59868, 4884
7, 14, 5593200000, 4844, 6085
7, 15, 5601200000, 5884, 4884
7, 16, 5603200000, 39482, 7482
7, 17, 5613200000, 5884, 59482
7, 19, 5616200000, 5884, 7482
7, 20, 5619200000, 5884, 6085
8, 9, 5621200000, 4844, 6085
8, 10, 5624200000, 5085, 5125
8, 11, 5627200000, 55482, 57936
8, 12, 5629200000, 66150, 66482
8, 13, 5637200000, 5482, 6165
8, 14, 5647200000, 4844, 6683
8, 15, 5652200000, 5884, 4884
8, 16, 5657200000, 4884, 6085
8, 17, 5658200000, 68770, 10992
8, 18, 5660200000, 4844, 6085
8, 19, 5678200000, 9482, 6482
8, 20, 5680200000, 4884, 6884
9, 10, 5681200000, 5085, 35104
9, 11, 5683200000, 4844, 6085
9, 12, 5691200000, 4844, 4884
9, 13, 5694200000, 5482, 4884
9, 14, 5695200000, 4844, 6884
9, 15, 5697200000, 5683, 4884
9, 16, 5713200000, 4844, 7482
9, 17, 5719200000, 4844, 6085
9, 18, 5729200000, 4844, 6683
9, 19, 5731200000, 4844, 6085
10, 11, 5735200000, 3643, 6085
10, 12, 5737200000, 3643, 4884
10, 13, 5739200000, 4482, 4884
10, 14, 5750200000, 3683, 6085
10, 15, 5751200000, 3643, 4884
10, 16, 5752200000, 3683, 6085
10, 17, 5766200000, 4482, 6085
10, 18, 5769200000, 14683, 16930
10, 19, 5785200000, 48545, 6884
10, 20, 5789200000, 3683, 6085
11, 12, 5790200000, 5482, 4884
11, 13, 5795200000, 5884, 21681
11, 14, 5808200000, 4844, 62504
11, 15, 5823200000, 4844, 53200
11, 16, 5830200000, 4844, 6085
11, 17, 5841200000, 5884, 6482
11, 18, 5842200000, 4844, 22147
11, 19, 5845200000, 4844, 7482
11, 20, 5847200000, 5884, 6085
12, 13, 5849200000, 3643, 6482
12, 14, 5850200000, 4482, 6085
12, 15, 5867200000, 3643, 5683
12, 16, 5868200000, 3683, 6085
12, 18, 5876200000, 4482, 71959
12, 19, 5887200000, 3643, 6085
12, 20, 5891200000, 21071, 6085
13, 14, 5893200000, 4683, 6683
13, 15, 5899200000, 4482, 4884
13, 16, 5912200000, 3643, 6085
13, 17, 5915200000, 4482, 81428
13, 18, 5916200000, 4482, 6482
13, 19, 5918200000, 4683, 6326
13, 20, 5919200000, 22683, 25107
14, 15, 5920200000, 5085, 5125
14, 16, 5928200000, 5683, 6884
14, 17, 5934200000, 5482, 60466
14, 18, 5948200000, 50991, 6884
14, 19, 5951200000, 4884, 6683
14, 20, 5953200000, 5683, 6085
15, 16, 5964200000, 3643, 6085
15, 17, 5976200000, 4482, 6884
15, 18, 5979200000, 13399, 6085
15, 19, 5984200000, 5482, 6482
15, 20, 5989200000, 49482, 51152
16, 18, 5998200000, 4844, 63482
16, 19, 6001200000, 5085, 6326
16, 20, 6004200000, 4844, 6085
17, 18, 6009200000, 4844, 6884
17, 19, 6015200000, 4844, 6683
17, 20, 6017200000, 4844, 6085
18, 19, 6021200000, 4844, 6884
18, 20, 6026200000, 5884, 6085
1, 2, 6033200000, 4844, 6085
1, 3, 6035200000, 5683, 6884
1, 4, 6036200000, 5482, 59020
1, 5, 6040200000, 6482, 6884
1, 6, 6045200000, 23316, 45765
1, 7, 6047200000, 6446, 6085
1, 9, 6055200000, 5085, 6326
1, 11, 6095200000, 4844, 7482
1, 12, 6102200000, 5884, 5125
1, 13, 6114200000, 6683, 4884
1, 15, 6122200000, 5884, 33493
1, 16, 6134200000, 4844, 6085
1, 17, 6152200000, 5683, 6085
1, 18, 6154200000, 5683, 6884
1, 19, 6157200000, 34939, 7482
1, 20, 6177200000, 67482, 68299
2, 3, 6190200000, 4884, 46930
2, 4, 6203200000, 4884, 6125
2, 8, 6213200000, 6683, 6085
2, 9, 6214200000, 5683, 6085
2, 10, 6216200000, 5683, 4884
2, 11, 6218200000, 4844, 6085
2, 12, 6219200000, 5683, 4884
2, 13, 6220200000, 5683, 5482
2, 14, 6229200000, 4844, 6085
2, 15, 6231200000, 5683, 4884
2, 16, 6235200000, 4844, 6085
2, 17, 6243200000, 4884, 14626
2, 18, 6257200000, 4844, 6884
2, 19, 6258200000, 5085, 6326
2, 20, 6259200000, 5884, 6085
3, 4, 6265200000, 5085, 7482
3, 5, 6266200000, 5085, 6326
3, 6, 6271200000, 5085, 52915
3, 7, 6273200000, 4844, 6085
3, 8, 6277200000, 4844, 6482
3, 9, 6280200000, 5683, 6085
3, 10, 6283200000, 5683, 58020
3, 11, 6287200000, 4884, 6482
3, 12, 6289200000, 5482, 5482
3, 13, 6296200000, 5683, 5683
3, 14, 6297200000, 4884, 6125
3, 15, 6299200000, 5884, 39482
3, 16, 6306200000, 47617, 7482
3, 17, 6308200000, 5482, 6085
3, 18, 6313200000, 4844, 6085
3, 19, 6318200000, 4844, 93718
3, 20, 6323200000, 5085, 6683
4, 5, 6324200000, 4844, 6085
4, 6, 6326200000, 62519, 6085
4, 7, 6330200000, 4884, 6085
4, 8, 6339200000, 4884, 6085
4, 9, 6342200000, 5683, 6884
4, 10, 6345200000, 5085, 67673
4, 11, 6349200000, 4844, 6482
4, 12, 6351200000, 5683, 4884
4, 13, 6355200000, 4844, 5683
4, 14, 6359200000, 4844, 6085
4, 15, 6361200000, 4844, 5683
4, 16, 6363200000, 18938, 20179
4, 17, 6371200000, 7482, 74482
4, 18, 6378200000, 5085, 6326
4, 19, 6383200000, 4844, 6884
4, 20, 6386200000, 4844, 6085
5, 6, 6388200000, 61482, 6085
5, 7, 6389200000, 4844, 7326
5, 8, 6410200000, 4884, 6085
5, 9, 6412200000, 4844, 6683
5, 11, 6429200000, 63041, 36603
5, 12, 6435200000, 4884, 4884
5, 13, 6445200000, 4844, 4884
5, 14, 6446200000, 42757, 6884
5, 15, 6447200000, 5884, 45006
5, 16, 6451200000, 5884, 6085
5, 17, 6466200000, 6482, 6326
5, 18, 6467200000, 16287, 6884
5, 19, 6471200000, 11683, 12945
5, 20, 6479200000, 4844, 6085
6, 7, 6482200000, 5884, 6085
6, 8, 6486200000, 4844, 6683
6, 9, 6491200000, 4844, 22629
6, 10, 6494200000, 59999, 108482
6, 11, 6495200000, 4884, 6085
6, 12, 6504200000, 5884, 4884
6, 13, 6511200000, 4844, 4884
6, 14, 6524200000, 4844, 11945
6, 15, 6526200000, 4844, 4884
6, 16, 6527200000, 4844, 6085
6, 18, 6537200000, 4844, 6683
6, 19, 6542200000, 5482, 6085
6, 20, 6554200000, 5482, 7326
7, 9, 6571200000, 10683, 38482
7, 10, 6573200000, 5482, 5683
7, 11, 6576200000, 5482, 6085
7, 12, 6583200000, 7571, 5482
7, 13, 6590200000, 4844, 5482
7, 14, 6593200000, 4844, 6085
7, 15, 6601200000, 5683, 66415
7, 16, 6603200000, 4884, 6683
7, 18, 6614200000, 4844, 6085
7, 19, 6616200000, 4844, 7482
7, 20, 6619200000, 4844, 6482
8, 9, 6621200000, 5683, 6085
8, 10, 6624200000, 4844, 4884
8, 11, 6627200000, 5884, 7482
8, 12, 6629200000, 59482, 59109
8, 13, 6637200000, 13520, 13560
8, 14, 6647200000, 5884, 6683
8, 15, 6652200000, 5683, 49318
8, 16, 6657200000, 54405, 6683
8, 17, 6658200000, 4884, 6482
8, 18, 6660200000, 5482, 6326
8, 19, 6678200000, 4844, 6683
8, 20, 6680200000, 5884, 6085
9, 10, 6681200000, 4884, 60989
9, 11, 6683200000, 4844, 6085
9, 12, 6691200000, 4844, 4884
9, 13, 6694200000, 4844, 4884
9, 14, 6695200000, 4844, 34157
9, 15, 6697200000, 5482, 4884
9, 16, 6713200000, 4844, 6085
9, 17, 6719200000, 5683, 6924
9, 18, 6729200000, 57307, 6326
9, 19, 6731200000, 66508, 54022
9, 20, 6732200000, 5482, 6482
10, 12, 6737200000, 3683, 4884
10, 13, 6739200000, 3643, 4884
10, 14, 6750200000, 3643, 6884
10, 15, 6751200000, 4683, 5683
10, 16, 6752200000, 4683, 6085
10, 17, 6766200000, 24726, 6085
10, 18, 6769200000, 3643, 6085
10, 20, 6789200000, 3643, 6085
11, 13, 6795200000, 55164, 5125
11, 14, 6808200000, 5085, 50987
11, 16, 6830200000, 5085, 6326
11, 17, 6841200000, 4844, 6683
11, 18, 6842200000, 6482, 7125
11, 20, 6847200000, 4844, 6085
12, 13, 6849200000, 35089, 5482
12, 14, 6850200000, 3683, 6085
12, 15, 6867200000, 3643, 5482
12, 16, 6868200000, 3884, 6326
12, 17, 6872200000, 3643, 7482
12, 18, 6876200000, 33362, 37045
12, 19, 6887200000, 4482, 7482
12, 20, 6891200000, 4683, 6085
13, 14, 6893200000, 3643, 7683
13, 15, 6899200000, 4683, 5125
13, 17, 6915200000, 14604, 6085
13, 18, 6916200000, 10683, 13683
13, 19, 6918200000, 3643, 6085
13, 20, 6919200000, 3884, 7482
14, 15, 6920200000, 24847, 24887
14, 16, 6928200000, 4844, 6884
14, 17, 6934200000, 4844, 6085
14, 18, 6948200000, 10482, 6085
14, 19, 6951200000, 5085, 6884
14, 20, 6953200000, 5683, 6085
15, 16, 6964200000, 3643, 28176
15, 17, 6976200000, 3643, 6085
15, 19, 6984200000, 3643, 30448
15, 20, 6989200000, 3643, 6085
16, 17, 6997200000, 5085, 6326
16, 18, 6998200000, 4844, 6085
16, 19, 7001200000, 5085, 6326
16, 20, 7004200000, 4844, 6085
17, 18, 7009200000, 4844, 6085
17, 19, 7015200000, 17050, 6085
17, 20, 7017200000, 4844, 6085
18, 19, 7021200000, 6482, 6085
18, 20, 7026200000, 4844, 7482
19, 20, 7028200000, 53683, 6683
1, 2, 7033200000, 14216, 39258
1, 3, 7035200000, 5884, 6884
1, 4, 7036200000, 5482, 6085
1, 5, 7040200000, 4844, 6085
1, 6, 7045200000, 5482, 6125
1, 7, 7047200000, 4844, 67781
1, 8, 7052200000, 6683, 6085
1, 9, 7055200000, 5482, 6683
1, 10, 7084200000, 4844, 4884
1, 11, 7095200000, 5482, 6085
1, 12, 7102200000, 4844, 4884
1, 13, 7114200000, 4844, 4884
1, 14, 7120200000, 4844, 6482
1, 15, 7122200000, 4844, 35277
1, 16, 7134200000, 4844, 6085
1, 17, 7152200000, 4844, 6085
1, 18, 7154200000, 5085, 6326
1, 19, 7157200000, 4844, 6884
1, 20, 7177200000, 5085, 6326
2, 3, 7190200000, 4844, 6085
2, 4, 7203200000, 5884, 8573
2, 6, 7205200000, 5683, 6326
2, 7, 7206200000, 35607, 6085
2, 8, 7213200000, 5884, 6085
2, 9, 7214200000, 5085, 6683
2, 10, 7216200000, 5085, 5125
2, 11, 7218200000, 6482, 58293
2, 12, 7219200000, 34643, 4884
2, 14, 7229200000, 4844, 7326
2, 15, 7231200000, 4884, 50268
2, 16, 7235200000, 4844, 6085
2, 17, 7243200000, 4844, 6482
2, 18, 7257200000, 4844, 6085
2, 19, 7258200000, 12913, 6683
2, 20, 7259200000, 5683, 7683
3, 4, 7265200000, 4844, 48482
3, 5, 7266200000, 4884, 6085
3, 6, 7271200000, 62925, 64166
3, 9, 7280200000, 6683, 6326
3, 10, 7283200000, 4844, 36089
3, 11, 7287200000, 5482, 6085
3, 12, 7289200000, 4844, 4884
3, 13, 7296200000, 4844, 56482
3, 14, 7297200000, 5964, 7366
3, 15, 7299200000, 5683, 4884
3, 16, 7306200000, 5482, 6085
3, 17, 7308200000, 5884, 6326
3, 18, 7313200000, 4884, 6085
3, 19, 7318200000, 26168, 7482
4, 6, 7326200000, 6482, 6085
4, 7, 7330200000, 66620, 6085
4, 8, 7339200000, 5884, 6884
4, 9, 7342200000, 4844, 6482
4, 10, 7345200000, 6482, 5683
4, 11, 7349200000, 16282, 6085
4, 12, 7351200000, 4844, 4884
4, 13, 7355200000, 4844, 5482
4, 14, 7359200000, 6683, 7125
4, 15, 7361200000, 4884, 4884
4, 16, 7363200000, 9298, 69823
4, 17, 7371200000, 5884, 6085
4, 18, 7378200000, 5683, 75782
4, 19, 7383200000, 5085, 6884
4, 20, 7386200000, 4884, 6683
5, 6, 7388200000, 5482, 6085
5, 7, 7389200000, 5884, 7125
5, 8, 7410200000, 4844, 7482
5, 9, 7412200000, 5482, 6884
5, 10, 7425200000, 4844, 6482
5, 11, 7429200000, 5085, 6884
5, 12, 7435200000, 51884, 51482
5, 13, 7445200000, 4844, 4884
5, 14, 7446200000, 40724, 41965
5, 15, 7447200000, 4844, 5683
5, 16, 7451200000, 41191, 7482
5, 17, 7466200000, 5683, 6085
5, 19, 7471200000, 4884, 8482
5, 20, 7479200000, 28618, 7482
6, 7, 7482200000, 4844, 6085
6, 8, 7486200000, 4844, 6482
6, 9, 7491200000, 5085, 6326
6, 10, 7494200000, 4844, 6482
6, 11, 7495200000, 5683, 6085
6, 12, 7504200000, 4844, 4884
6, 13, 7511200000, 4844, 4884
6, 14, 7524200000, 4844, 6683
6, 15, 7526200000, 5683, 4884
6, 16, 7527200000, 4844, 6085
6, 18, 7537200000, 4844, 6482
6, 19, 7542200000, 4844, 6085
6, 20, 7554200000, 5884, 7125
7, 8, 7557200000, 61022, 6884
7, 9, 7571200000, 5085, 24683
7, 10, 7573200000, 4884, 4884
7, 11, 7576200000, 5482, 6326
7, 12, 7583200000, 4884, 4884
7, 14, 7593200000, 4844, 6085
7, 15, 7601200000, 5482, 4884
7, 16, 7603200000, 5884, 6884
7, 17, 7613200000, 4844, 12467
7, 18, 7614200000, 4844, 6884
7, 19, 7616200000, 5884, 7683
7, 20, 7619200000, 4844, 6683
8, 9, 7621200000, 4884, 6085
8, 10, 7624200000, 7482, 5683
8, 11, 7627200000, 26126, 27367
8, 12, 7629200000, 4844, 5482
8, 13, 7637200000, 4844, 5482
8, 14, 7647200000, 52884, 53482
8, 15, 7652200000, 4844, 5482
8, 16, 7657200000, 4844, 6085
8, 17, 7658200000, 46207, 7482
8, 18, 7660200000, 4844, 7326
8, 19, 7678200000, 18099, 19884
8, 20, 7680200000, 4844, 6085
9, 10, 7681200000, 4844, 5683
9, 11, 7683200000, 67807, 6085
9, 12, 7691200000, 26052, 26683
9, 13, 7694200000, 4844, 4884
9, 14, 7695200000, 4844, 6884
9, 15, 7697200000, 5683, 4884
9, 16, 7713200000, 5683, 7567
9, 17, 7719200000, 5884, 7482
9, 19, 7731200000, 6482, 6085
9, 20, 7732200000, 5683, 6924
10, 11, 7735200000, 3643, 6085
10, 13, 7739200000, 4683, 4884
10, 14, 7750200000, 3643, 6884
10, 15, 7751200000, 3683, 6482
10, 16, 7752200000, 4683, 6326
10, 17, 7766200000, 3643, 6085
10, 18, 7769200000, 3643, 6085
10, 19, 7785200000, 3643, 6085
11, 12, 7790200000, 4884, 4924
11, 13, 7795200000, 5482, 5125
11, 14, 7808200000, 6683, 6085
11, 15, 7823200000, 4844, 4884
11, 16, 7830200000, 4844, 6085
11, 17, 7841200000, 5723, 6085
11, 18, 7842200000, 4844, 6085
11, 19, 7845200000, 5482, 25200
11, 20, 7847200000, 5884, 7683
12, 13, 7849200000, 46657, 5125
12, 14, 7850200000, 17139, 19581
12, 15, 7867200000, 77161, 4884
12, 16, 7868200000, 3643, 6085
12, 17, 7872200000, 3884, 7482
12, 18, 7876200000, 3643, 6085
12, 19, 7887200000, 3643, 6085
12, 20, 7891200000, 4683, 6085
13, 14, 7893200000, 3683, 6482
13, 15, 7899200000, 4482, 4884
13, 16, 7912200000, 3643, 6884
13, 17, 7915200000, 60394, 37683
13, 18, 7916200000, 60683, 64366
13, 19, 7918200000, 3643, 6085
13, 20, 7919200000, 3643, 6085
14, 15, 7920200000, 4844, 5482
14, 16, 7928200000, 6366, 6085
14, 17, 7934200000, 6683, 6085
14, 18, 7948200000, 5683, 6085
14, 19, 7951200000, 4844, 6085
14, 20, 7953200000, 5884, 6326
15, 16, 7964200000, 4683, 6085
15, 17, 7976200000, 3643, 6085
15, 18, 7979200000, 4482, 6085
15, 19, 7984200000, 4683, 6085
15, 20, 7989200000, 38554, 6326
16, 17, 7997200000, 4844, 6085
16, 18, 7998200000, 4844, 6085
16, 19, 8001200000, 7169, 6683
16, 20, 8004200000, 4844, 7482
17, 18, 8009200000, 5482, 6085
17, 19, 8015200000, 6683, 22598
18, 19, 8021200000, 4844, 57683
18, 20, 8026200000, 5884, 6683
19, 20, 8028200000, 92683, 53080
1, 2, 8033200000, 4844, 23014
1, 3, 8035200000, 5085, 6326
1, 4, 8036200000, 6482, 6085
1, 5, 8040200000, 5683, 6683
1, 6, 8045200000, 41391, 6683
1, 7, 8047200000, 6683, 6085
1, 8, 8052200000, 4844, 6683
1, 9, 8055200000, 5482, 6085
1, 10, 8084200000, 36089, 4884
1, 11, 8095200000, 4844, 6884
1, 12, 8102200000, 5085, 5125
1, 13, 8114200000, 36531, 6482
1, 14, 8120200000, 4844, 6884
1, 15, 8122200000, 4884, 4884
1, 16, 8134200000, 4844, 6085
1, 17, 8152200000, 4844, 6085
1, 18, 8154200000, 5683, 6482
1, 19, 8157200000, 5884, 37089
1, 20, 8177200000, 5482, 6683
2, 3, 8190200000, 4844, 6085
2, 4, 8203200000, 4844, 6085
2, 5, 8204200000, 4844, 6085
2, 7, 8206200000, 5683, 6482
2, 8, 8213200000, 5482, 6085
2, 9, 8214200000, 38499, 6884
2, 10, 8216200000, 4844, 4884
2, 11, 8218200000, 4844, 6884
2, 12, 8219200000, 5683, 5125
2, 13, 8220200000, 5884, 44966
2, 14, 8229200000, 4884, 6125
2, 15, 8231200000, 4844, 4884
2, 16, 8235200000, 4844, 36527
2, 17, 8243200000, 28056, 6085
2, 18, 8257200000, 5683, 6884
2, 19, 8258200000, 5683, 6683
2, 20, 8259200000, 5085, 6884
3, 4, 8265200000, 4844, 6085
3, 5, 8266200000, 4844, 33683
3, 6, 8271200000, 18014, 6085
3, 7, 8273200000, 5482, 6482
3, 8, 8277200000, 4844, 6085
3, 9, 8280200000, 5683, 6683
3, 10, 8283200000, 4844, 4884
3, 11, 8287200000, 4844, 6085
3, 12, 8289200000, 4844, 4884
3, 13, 8296200000, 5085, 5125
3, 14, 8297200000, 4844, 6085
3, 15, 8299200000, 4844, 34643
3, 16, 8306200000, 4844, 6085
3, 17, 8308200000, 5482, 6085
3, 19, 8318200000, 10302, 10482
3, 20, 8323200000, 4844, 6683
4, 5, 8324200000, 5482, 6326
4, 6, 8326200000, 4844, 6085
4, 7, 8330200000, 5683, 45560
4, 8, 8339200000, 5884, 6482
4, 9, 8342200000, 5085, 6326
4, 10, 8345200000, 4844, 4884
4, 11, 8349200000, 5884, 6085
4, 13, 8355200000, 41311, 5482
4, 14, 8359200000, 4844, 6085
4, 15, 8361200000, 5085, 5125
4, 16, 8363200000, 5884, 6085
4, 17, 8371200000, 5482, 6085
4, 18, 8378200000, 4844, 23092
4, 19, 8383200000, 4884, 6085
4, 20, 8386200000, 13917, 6085
5, 6, 8388200000, 18452, 6085
5, 7, 8389200000, 5884, 7125
5, 9, 8412200000, 4844, 6085
5, 10, 8425200000, 4844, 4884
5, 11, 8429200000, 5085, 6884
5, 12, 8435200000, 5884, 5482
5, 13, 8445200000, 4884, 4884
5, 14, 8446200000, 4844, 6085
5, 15, 8447200000, 5683, 4884
5, 16, 8451200000, 56735, 6326
5, 18, 8467200000, 50819, 56615
5, 19, 8471200000, 27654, 6085
5, 20, 8479200000, 4844, 6085
6, 7, 8482200000, 4844, 6085
6, 8, 8486200000, 12230, 6884
6, 9, 8491200000, 43482, 44404
6, 10, 8494200000, 5683, 4884
6, 11, 8495200000, 5482, 19898
6, 12, 8504200000, 5482, 4884
6, 13, 8511200000, 4844, 14492
6, 14, 8524200000, 4844, 6085
6, 15, 8526200000, 45091, 45482
6, 16, 8527200000, 4884, 6683
6, 17, 8531200000, 5482, 6085
6, 18, 8537200000, 4884, 6482
6, 19, 8542200000, 4884, 6085
6, 20, 8554200000, 5482, 6326
7, 8, 8557200000, 5683, 6085
7, 9, 8571200000, 33117, 6326
7, 10, 8573200000, 58257, 5125
7, 11, 8576200000, 4844, 6085
7, 12, 8583200000, 4844, 5482
7, 13, 8590200000, 61683, 4884
7, 14, 8593200000, 5683, 6482
7, 15, 8601200000, 5884, 5482
7, 16, 8603200000, 5884, 6884
7, 17, 8613200000, 126067, 12525
7, 19, 8616200000, 4844, 7326
7, 20, 8619200000, 4844, 6085
8, 9, 8621200000, 5683, 6085
8, 10, 8624200000, 4844, 79548
8, 11, 8627200000, 5482, 6085
8, 13, 8637200000, 4844, 4884
8, 14, 8647200000, 5482, 7125
8, 15, 8652200000, 5683, 4884
8, 16, 8657200000, 5884, 6085
8, 18, 8660200000, 4844, 7326
8, 20, 8680200000, 4844, 11482
9, 10, 8681200000, 4844, 4884
9, 11, 8683200000, 4844, 6085
9, 12, 8691200000, 23683, 23683
9, 13, 8694200000, 4844, 5683
9, 14, 8695200000, 4844, 6683
9, 15, 8697200000, 5884, 4884
9, 16, 8713200000, 5683, 7326
9, 17, 8719200000, 6482, 6924
9, 18, 8729200000, 60482, 6884
9, 19, 8731200000, 64683, 156344
9, 20, 8732200000, 5683, 6924
10, 11, 8735200000, 3683, 6884
10, 12, 8737200000, 3643, 5683
10, 13, 8739200000, 3643, 4884
10, 14, 8750200000, 4683, 6085
10, 15, 8751200000, 12953, 5482
10, 16, 8752200000, 18179, 6326
10, 17, 8766200000, 3643, 6482
10, 18, 8769200000, 5482, 6085
10, 19, 8785200000, 5482, 55325
10, 20, 8789200000, 4482, 6085
11, 12, 8790200000, 27931, 6482
11, 13, 8795200000, 4844, 5482
11, 14, 8808200000, 5884, 6085
11, 15, 8823200000, 33282, 33482
11, 16, 8830200000, 5884, 6085
11, 17, 8841200000, 5085, 6683
11, 18, 8842200000, 4844, 6085
11, 19, 8845200000, 4844, 6884
11, 20, 8847200000, 5482, 6085
12, 13, 8849200000, 3643, 4884
12, 14, 8850200000, 4683, 6085
12, 15, 8867200000, 3643, 41632
12, 16, 8868200000, 9784, 6085
12, 17, 8872200000, 38588, 41030
12, 18, 8876200000, 25891, 29574
12, 19, 8887200000, 4482, 6326
12, 20, 8891200000, 3643, 6683
13, 14, 8893200000, 3884, 6326
13, 15, 8899200000, 3884, 5125
13, 16, 8912200000, 3643, 31265
13, 17, 8915200000, 4683, 6085
13, 18, 8916200000, 5482, 7125
13, 19, 8918200000, 30229, 6884
13, 20, 8919200000, 3643, 6683
14, 15, 8920200000, 5683, 5683
14, 16, 8928200000, 4844, 6085
14, 17, 8934200000, 5085, 6326
14, 18, 8948200000, 5085, 6326
14, 19, 8951200000, 4844, 6085
14, 20, 8953200000, 4844, 6683
15, 16, 8964200000, 3643, 6085
15, 17, 8976200000, 4683, 6085
15, 19, 8984200000, 4482, 67343
15, 20, 8989200000, 4683, 6085
16, 17, 8997200000, 5085, 51889
16, 18, 8998200000, 4844, 7482
16, 19, 9001200000, 4844, 55646
16, 20, 9004200000, 4844, 6085
17, 18, 9009200000, 5085, 7482
17, 19, 9015200000, 51272, 6085
17, 20, 9017200000, 5085, 6326
18, 19, 9021200000, 5482, 6482
18, 20, 9026200000, 4884, 6884
19, 20, 9028200000, 4844, 6085
1, 2, 9033200000, 6683, 6085
1, 3, 9035200000, 4844, 6085
1, 4, 9036200000, 31028, 10258
1, 5, 9040200000, 4844, 6884
1, 6, 9045200000, 31095, 7326
1, 7, 9047200000, 4844, 41909
1, 8, 9052200000, 51955, 6085
1, 9, 9055200000, 58056, 72035
1, 10, 9084200000, 4844, 5482
1, 11, 9095200000, 4844, 6482
1, 12, 9102200000, 4844, 13676
1, 14, 9120200000, 4884, 6085
1, 15, 9122200000, 6482, 4884
1, 16, 9134200000, 4844, 6085
1, 17, 9152200000, 5085, 7482
1, 18, 9154200000, 4844, 6482
1, 19, 9157200000, 4844, 6085
1, 20, 9177200000, 5683, 6085
2, 3, 9190200000, 5884, 7683
2, 4, 9203200000, 4844, 6085
2, 5, 9204200000, 5085, 7482
2, 6, 9205200000, 5884, 6326
2, 7, 9206200000, 4844, 6085
2, 8, 9213200000, 5683, 6085
2, 9, 9214200000, 4844, 6085
2, 10, 9216200000, 29819, 4884
2, 11, 9218200000, 4884, 62894
2, 12, 9219200000, 4884, 5683
2, 13, 9220200000, 4844, 4884
2, 14, 9229200000, 4844, 6085
2, 16, 9235200000, 4884, 6683
2, 17, 9243200000, 5085, 6326
2, 18, 9257200000, 4844, 6085
2, 19, 9258200000, 5085, 7482
2, 20, 9259200000, 43683, 44163
3, 4, 9265200000, 4844, 6482
3, 6, 9271200000, 5482, 6884
3, 7, 9273200000, 60109, 6884
3, 8, 9277200000, 69024, 6085
3, 9, 9280200000, 6482, 6085
3, 11, 9287200000, 68842, 6884
3, 12, 9289200000, 14704, 8981
3, 13, 9296200000, 31215, 5482
3, 14, 9297200000, 61482, 62125
3, 15, 9299200000, 5884, 4884
3, 16, 9306200000, 4844, 6085
3, 17, 9308200000, 4844, 7683
3, 18, 9313200000, 4844, 25762
3, 19, 9318200000, 4844, 48933
3, 20, 9323200000, 4844, 6482
4, 5, 9324200000, 16931, 6884
4, 6, 9326200000, 6482, 7482
4, 8, 9339200000, 4844, 6085
4, 9, 9342200000, 6482, 6085
4, 10, 9345200000, 4844, 57257
4, 11, 9349200000, 5482, 6085
4, 12, 9351200000, 5085, 5125
4, 13, 9355200000, 4844, 4884
4, 14, 9359200000, 4844, 6482
4, 15, 9361200000, 5085, 5125
4, 16, 9363200000, 4844, 6085
4, 17, 9371200000, 4844, 54200
4, 18, 9378200000, 4844, 68770
4, 19, 9383200000, 5683, 6085
4, 20, 9386200000, 4844, 6085
5, 6, 9388200000, 5085, 6326
5, 7, 9389200000, 5884, 7125
5, 8, 9410200000, 4884, 6085
5, 9, 9412200000, 5884, 6085
5, 10, 9425200000, 4844, 4884
5, 11, 9429200000, 4844, 6085
5, 13, 9445200000, 46778, 46818
5, 14, 9446200000, 44203, 6884
5, 15, 9447200000, 4844, 4884
5, 16, 9451200000, 4844, 6482
5, 17, 9466200000, 4884, 6482
5, 18, 9467200000, 26168, 6884
5, 19, 9471200000, 25820, 6482
5, 20, 9479200000, 36973, 6326
6, 7, 9482200000, 5085, 63482
6, 8, 9486200000, 5884, 6482
6, 9, 9491200000, 4844, 7326
6, 10, 9494200000, 4844, 5683
6, 11, 9495200000, 4844, 26798
6, 13, 9511200000, 5884, 4884
6, 14, 9524200000, 5683, 6326
6, 15, 9526200000, 4844, 4884
6, 16, 9527200000, 5683, 67912
6, 17, 9531200000, 5085, 7482
6, 18, 9537200000, 4844, 6085
6, 19, 9542200000, 4844, 77719
6, 20, 9554200000, 4844, 6085
7, 8, 9557200000, 5085, 6884
7, 9, 9571200000, 5482, 6683
7, 10, 9573200000, 30884, 30510
7, 11, 9576200000, 6683, 7683
7, 12, 9583200000, 4844, 56775
7, 13, 9590200000, 20160, 5125
7, 14, 9593200000, 4844, 44959
7, 15, 9601200000, 4844, 4884
7, 16, 9603200000, 4844, 6085
7, 17, 9613200000, 4844, 6085
7, 18, 9614200000, 4844, 6085
7, 19, 9616200000, 5085, 6326
7, 20, 9619200000, 4884, 6482
8, 9, 9621200000, 5884, 6683
8, 10, 9624200000, 5884, 4884
8, 11, 9627200000, 5482, 6326
8, 12, 9629200000, 54682, 4884
8, 13, 9637200000, 4884, 6482
8, 14, 9647200000, 4844, 6085
8, 15, 9652200000, 5884, 5482
8, 16, 9657200000, 15689, 17884
8, 17, 9658200000, 5085, 7482
8, 18, 9660200000, 22482, 23240
8, 19, 9678200000, 5683, 6326
8, 20, 9680200000, 4844, 6683
9, 11, 9683200000, 5482, 6884
9, 12, 9691200000, 4844, 38742
9, 13, 9694200000, 4884, 4884
9, 14, 9695200000, 5085, 6482
9, 15, 9697200000, 4884, 48099
9, 16, 9713200000, 5884, 7125
9, 17, 9719200000, 4844, 7326
9, 18, 9729200000, 4844, 6085
9, 19, 9731200000, 4844, 6085
9, 20, 9732200000, 4844, 6085
10, 11, 9735200000, 3643, 6683
10, 12, 9737200000, 3683, 5482
10, 13, 9739200000, 4683, 4884
10, 14, 9750200000, 3643, 6884
10, 15, 9751200000, 17014, 4884
10, 16, 9752200000, 3643, 6085
10, 17, 9766200000, 3643, 6085
10, 18, 9769200000, 3643, 6884
10, 19, 9785200000, 3643, 6683
10, 20, 9789200000, 3884, 6326
11, 12, 9790200000, 42034, 43315
11, 13, 9795200000, 4844, 6125
11, 14, 9808200000, 4844, 6085
11, 15, 9823200000, 4844, 5591
11, 16, 9830200000, 4884, 6085
11, 17, 9841200000, 4844, 6085
11, 18, 9842200000, 4844, 7683
11, 19, 9845200000, 54119, 6085
11, 20, 9847200000, 4844, 6085
12, 13, 9849200000, 3643, 4884
12, 14, 9850200000, 3643, 6085
12, 15, 9867200000, 63005, 5125
12, 16, 9868200000, 42621, 6085
12, 17, 9872200000, 4482, 6683
12, 18, 9876200000, 36420, 6085
12, 19, 9887200000, 3884, 6482
12, 20, 9891200000, 3884, 6326
13, 14, 9893200000, 3884, 6326
13, 15, 9899200000, 4482, 4884
13, 16, 9912200000, 35214, 38482
13, 17, 9915200000, 3683, 6085
13, 18, 9916200000, 3683, 6482
13, 19, 9918200000, 3643, 6085
13, 20, 9919200000, 5482, 6683
14, 15, 9920200000, 15482, 52632
14, 16, 9928200000, 24963, 29654
14, 17, 9934200000, 4844, 6683
14, 18, 9948200000, 4844, 6085
14, 19, 9951200000, 5482, 6884
14, 20, 9953200000, 64728, 6085
15, 16, 9964200000, 55058, 6085
15, 17, 9976200000, 3884, 7482
15, 18, 9979200000, 54369, 6482
15, 19, 9984200000, 3643, 6884
15, 20, 9989200000, 3643, 6884
16, 17, 9997200000, 6482, 7125
16, 18, 9998200000, 5683, 6326
16, 19, 10001200000, 4844, 6085
16, 20, 10004200000, 4844, 6085
17, 18, 10009200000, 19482, 6085
17, 19, 10015200000, 4844, 6884
17, 20, 10017200000, 4844, 6085
18, 19, 10021200000, 4844, 6884
19, 20, 10028200000, 5683, 6085
1, 2, 10033200000, 4844, 23834
1, 3, 10035200000, 5884, 6085
1, 4, 10036200000, 5085, 6326
1, 5, 10040200000, 5085, 6482
1, 6, 10045200000, 4844, 6683
1, 7, 10047200000, 4844, 6085
1, 8, 10052200000, 4844, 7482
1, 9, 10055200000, 26534, 27775
1, 10, 10084200000, 4844, 4884
1, 11, 10095200000, 5085, 6884
1, 12, 10102200000, 5683, 10482
1, 13, 10114200000, 6482, 4884
1, 14, 10120200000, 5482, 6085
1, 15, 10122200000, 39482, 40482
1, 16, 10134200000, 5482, 7326
1, 17, 10152200000, 60482, 8977
1, 18, 10154200000, 5683, 6085
1, 19, 10157200000, 5723, 6085
1, 20, 10177200000, 4844, 6085
2, 3, 10190200000, 5884, 7683
2, 4, 10203200000, 67734, 6085
2, 5, 10204200000, 4844, 6085
2, 6, 10205200000, 5884, 6085
2, 7, 10206200000, 5683, 6085
2, 9, 10214200000, 5884, 6683
2, 10, 10216200000, 5482, 9298
2, 11, 10218200000, 5482, 6085
2, 12, 10219200000, 4884, 5683
2, 13, 10220200000, 5085, 74644
2, 14, 10229200000, 4844, 6085
2, 15, 10231200000, 61314, 4884
2, 16, 10235200000, 32749, 6085
2, 18, 10257200000, 6482, 6085
2, 19, 10258200000, 4844, 6482
2, 20, 10259200000, 4844, 6085
3, 4, 10265200000, 6482, 6085
3, 5, 10266200000, 4884, 6085
3, 6, 10271200000, 5884, 6085
3, 7, 10273200000, 9521, 6482
3, 9, 10280200000, 58730, 6085
3, 10, 10283200000, 5683, 43673
3, 11, 10287200000, 6482, 6085
3, 12, 10289200000, 4844, 4884
3, 13, 10296200000, 4844, 5482
3, 14, 10297200000, 62683, 63924
3, 15, 10299200000, 11989, 5482
3, 16, 10306200000, 5085, 6326
3, 17, 10308200000, 4844, 6085
3, 18, 10313200000, 73482, 6884
3, 19, 10318200000, 4884, 6085
3, 20, 10323200000, 6683, 6683
4, 5, 10324200000, 5085, 6482
4, 6, 10326200000, 5085, 7482
4, 7, 10330200000, 4844, 6085
4, 8, 10339200000, 4844, 6085
4, 9, 10342200000, 5683, 6326
4, 10, 10345200000, 56815, 4884
4, 11, 10349200000, 5884, 46890
4, 13, 10355200000, 6482, 5482
4, 14, 10359200000, 4844, 7482
4, 15, 10361200000, 5482, 4884
4, 16, 10363200000, 4884, 6085
4, 17, 10371200000, 5884, 7482
4, 18, 10378200000, 5884, 6482
4, 19, 10383200000, 5884, 48818
5, 6, 10388200000, 5683, 6085
5, 7, 10389200000, 4884, 6125
5, 9, 10412200000, 5884, 6683
5, 10, 10425200000, 5884, 51482
5, 11, 10429200000, 5482, 6085
5, 12, 10435200000, 5085, 5125
5, 13, 10445200000, 4844, 5482
5, 14, 10446200000, 4884, 6884
5, 15, 10447200000, 5683, 4884
5, 16, 10451200000, 4884, 6085
5, 18, 10467200000, 5085, 7482
5, 19, 10471200000, 5683, 6085
5, 20, 10479200000, 5884, 6085
6, 7, 10482200000, 4844, 50482
6, 9, 10491200000, 4844, 6085
6, 10, 10494200000, 4844, 4884
6, 11, 10495200000, 4844, 6482
6, 12, 10504200000, 5683, 4884
6, 13, 10511200000, 4844, 5482
6, 14, 10524200000, 4844, 6085
6, 15, 10526200000, 20384, 49103
6, 16, 10527200000, 5482, 6125
6, 17, 10531200000, 4844, 6085
6, 18, 10537200000, 5085, 6326
6, 19, 10542200000, 4844, 6085
6, 20, 10554200000, 5085, 6326
7, 8, 10557200000, 6683, 7482
7, 9, 10571200000, 8884, 10884
7, 10, 10573200000, 5482, 4884
7, 11, 10576200000, 12006, 6884
7, 12, 10583200000, 4884, 4884
7, 13, 10590200000, 4844, 47657
7, 14, 10593200000, 4844, 6085
7, 15, 10601200000, 4844, 4884
7, 16, 10603200000, 59792, 61033
7, 17, 10613200000, 4844, 6085
7, 19, 10616200000, 4844, 6085
7, 20, 10619200000, 4844, 6482
8, 9, 10621200000, 53361, 6884
8, 10, 10624200000, 4844, 4884
8, 11, 10627200000, 6482, 7125
8, 12, 10629200000, 4844, 4884
8, 14, 10647200000, 4884, 6085
8, 15, 10652200000, 4884, 38566
8, 16, 10657200000, 5683, 7482
8, 17, 10658200000, 19862, 7482
8, 18, 10660200000, 7892, 6085
8, 19, 10678200000, 4884, 43873
8, 20, 10680200000, 5085, 6884
9, 10, 10681200000, 4844, 5683
9, 11, 10683200000, 4844, 6085
9, 12, 10691200000, 4844, 4884
9, 13, 10694200000, 5683, 5683
9, 14, 10695200000, 5683, 7482
9, 16, 10713200000, 5482, 6683
9, 17, 10719200000, 4844, 62394
9, 18, 10729200000, 19683, 20482
9, 19, 10731200000, 4844, 6085
9, 20, 10732200000, 5085, 6326
10, 11, 10735200000, 3643, 25200
10, 12, 10737200000, 4482, 4884
10, 13, 10739200000, 5482, 32482
10, 14, 10750200000, 3643, 6085
10, 16, 10752200000, 3643, 6482
10, 17, 10766200000, 19143, 6482
10, 19, 10785200000, 3643, 6884
10, 20, 10789200000, 4683, 6085
11, 13, 10795200000, 5884, 5924
11, 14, 10808200000, 5085, 26521
11, 15, 10823200000, 78466, 23200
11, 16, 10830200000, 8451, 7482
11, 17, 10841200000, 4844, 6085
11, 18, 10842200000, 5683, 7567
11, 19, 10845200000, 5085, 21826
11, 20, 10847200000, 4844, 6683
12, 13, 10849200000, 75261, 24482
12, 14, 10850200000, 4683, 6085
12, 15, 10867200000, 4683, 5683
12, 16, 10868200000, 4683, 6683
12, 17, 10872200000, 4482, 6085
12, 18, 10876200000, 4482, 6085
12, 19, 10887200000, 3643, 39053
12, 20, 10891200000, 4482, 6884
13, 14, 10893200000, 3643, 6085
13, 15, 10899200000, 3643, 4884
13, 16, 10912200000, 3643, 6482
13, 17, 10915200000, 3643, 6482
13, 18, 10916200000, 3683, 6482
13, 19, 10918200000, 55775, 6884
13, 20, 10919200000, 45095, 48683
14, 15, 10920200000, 5884, 41632
14, 17, 10934200000, 4884, 6482
14, 18, 10948200000, 58181, 6683
14, 20, 10953200000, 4844, 6085
15, 16, 10964200000, 3643, 6085
15, 17, 10976200000, 4482, 6085
15, 18, 10979200000, 3643, 6884
15, 19, 10984200000, 13042, 68482
15, 20, 10989200000, 4482, 36326
16, 17, 10997200000, 4844, 6482
16, 18, 10998200000, 4844, 6482
16, 19, 11001200000, 5482, 7683
16, 20, 11004200000, 4844, 6683
17, 18, 11009200000, 17482, 17894
17, 19, 11015200000, 4844, 6085
17, 20, 11017200000, 4844, 7326
18, 19, 11021200000, 4884, 6085
18, 20, 11026200000, 4884, 6085
19, 20, 11028200000, 4844, 6085
