1, 132200000, 4844
2, 137200000, 16870
4, 151200000, 5884
5, 159200000, 44319
6, 163200000, 5884
7, 165200000, 7491
8, 170200000, 5482
9, 175200000, 6683
10, 177200000, 56482
11, 195200000, 6683
12, 196200000, 3643
13, 205200000, 9482
14, 209200000, 6683
15, 210200000, 4683
16, 215200000, 4884
17, 217200000, 5085
18, 221200000, 4844
19, 230200000, 5482
20, 231200000, 5085
1, 232200000, 4844
2, 237200000, 4844
3, 245200000, 4844
4, 251200000, 18482
5, 259200000, 5482
6, 263200000, 5482
7, 265200000, 5482
8, 270200000, 5884
9, 275200000, 5085
10, 277200000, 5482
11, 295200000, 4844
12, 296200000, 3683
13, 305200000, 4482
14, 309200000, 5085
15, 310200000, 3884
16, 315200000, 5085
17, 317200000, 61482
18, 321200000, 4844
19, 330200000, 4844
20, 331200000, 4844
1, 332200000, 4844
2, 337200000, 6683
3, 345200000, 5884
4, 351200000, 4844
5, 359200000, 4884
6, 363200000, 5085
7, 365200000, 4844
8, 370200000, 4844
9, 375200000, 5482
10, 377200000, 3643
11, 395200000, 70331
12, 396200000, 4482
13, 405200000, 3643
14, 409200000, 5085
15, 410200000, 3884
16, 415200000, 4844
17, 417200000, 5085
18, 421200000, 4884
20, 431200000, 4844
1, 432200000, 4844
2, 437200000, 4884
3, 445200000, 68220
4, 451200000, 60707
5, 459200000, 5482
6, 463200000, 4844
7, 465200000, 5683
8, 470200000, 4844
9, 475200000, 6683
10, 477200000, 3683
11, 495200000, 4844
12, 496200000, 3643
13, 505200000, 3643
14, 509200000, 5683
15, 510200000, 3643
16, 515200000, 5482
17, 517200000, 5085
18, 521200000, 18482
19, 530200000, 4844
20, 531200000, 5683
1, 532200000, 4844
2, 537200000, 4844
3, 545200000, 6683
4, 551200000, 5085
5, 559200000, 4844
6, 563200000, 5085
7, 565200000, 5884
8, 570200000, 5884
9, 575200000, 4844
10, 577200000, 3643
11, 595200000, 5085
12, 596200000, 3643
13, 605200000, 4683
14, 609200000, 25164
15, 610200000, 3643
17, 617200000, 6482
18, 621200000, 4844
19, 630200000, 4884
20, 631200000, 4844
1, 632200000, 56092
2, 637200000, 69193
3, 645200000, 4844
4, 651200000, 4844
5, 659200000, 6683
6, 663200000, 4844
7, 665200000, 5085
8, 670200000, 4844
9, 675200000, 5683
10, 677200000, 66838
11, 695200000, 4844
12, 696200000, 3643
13, 705200000, 3643
14, 709200000, 4844
15, 710200000, 52718
16, 715200000, 4844
17, 717200000, 4844
18, 721200000, 4844
19, 730200000, 4884
20, 731200000, 62335
1, 732200000, 4844
2, 737200000, 4844
3, 745200000, 4844
4, 751200000, 5683
6, 763200000, 4844
7, 765200000, 4844
8, 770200000, 4844
9, 775200000, 5884
10, 777200000, 3643
11, 795200000, 5884
12, 796200000, 4683
13, 805200000, 45894
14, 809200000, 4844
15, 810200000, 3683
16, 815200000, 5884
17, 817200000, 4884
18, 821200000, 4844
19, 830200000, 5884
20, 831200000, 4844
1, 832200000, 5884
2, 837200000, 5482
3, 845200000, 69073
4, 851200000, 6482
5, 859200000, 4844
6, 863200000, 4844
7, 865200000, 5085
8, 870200000, 4884
9, 875200000, 4844
10, 877200000, 3683
11, 895200000, 4884
12, 896200000, 3884
13, 905200000, 3643
14, 909200000, 4844
15, 910200000, 3643
16, 915200000, 5482
17, 917200000, 5683
18, 921200000, 4844
19, 930200000, 4844
20, 931200000, 4844
1, 932200000, 4844
2, 937200000, 5884
3, 945200000, 12482
4, 951200000, 4844
5, 959200000, 4884
6, 963200000, 4844
7, 965200000, 53236
8, 970200000, 32956
9, 975200000, 4844
10, 977200000, 3643
11, 995200000, 5884
12, 996200000, 4683
13, 1005200000, 3683
14, 1009200000, 4844
15, 1010200000, 3643
16, 1015200000, 5482
17, 1017200000, 4844
18, 1021200000, 41578
19, 1030200000, 4844
20, 1031200000, 4844
1, 1032200000, 5085
2, 1037200000, 5683
3, 1045200000, 8482
4, 1051200000, 4844
5, 1059200000, 4844
6, 1063200000, 5085
7, 1065200000, 4884
8, 1070200000, 4844
9, 1075200000, 40928
11, 1095200000, 28745
12, 1096200000, 3683
14, 1109200000, 5085
15, 1110200000, 3643
16, 1115200000, 14884
17, 1117200000, 4844
18, 1121200000, 5482
19, 1130200000, 5085
20, 1131200000, 5683
1, 1132200000, 5482
2, 1137200000, 5352
3, 1145200000, 4844
4, 1151200000, 4844
5, 1159200000, 43683
6, 1163200000, 4844
7, 1165200000, 5884
9, 1175200000, 36104
10, 1177200000, 6125
11, 1195200000, 5884
12, 1196200000, 42482
14, 1209200000, 4844
15, 1210200000, 3643
16, 1215200000, 5683
17, 1217200000, 5085
18, 1221200000, 16412
19, 1230200000, 4884
20, 1231200000, 8683
1, 1232200000, 4844
2, 1237200000, 68683
3, 1245200000, 4844
4, 1251200000, 15604
5, 1259200000, 7482
7, 1265200000, 73361
8, 1270200000, 16970
9, 1275200000, 5085
10, 1277200000, 6482
11, 1295200000, 18884
12, 1296200000, 7366
13, 1305200000, 3643
14, 1309200000, 4884
15, 1310200000, 3643
16, 1315200000, 5482
17, 1317200000, 31085
18, 1321200000, 5884
19, 1330200000, 8482
20, 1331200000, 4844
1, 1332200000, 5683
2, 1337200000, 4844
3, 1345200000, 7366
4, 1351200000, 7326
5, 1359200000, 7884
6, 1363200000, 7326
7, 1365200000, 5482
8, 1370200000, 4844
9, 1375200000, 4844
10, 1377200000, 3643
11, 1395200000, 5683
12, 1396200000, 4482
13, 1405200000, 3643
14, 1409200000, 6482
15, 1410200000, 72642
16, 1415200000, 5884
17, 1417200000, 4884
18, 1421200000, 5884
20, 1431200000, 71482
1, 1432200000, 4884
2, 1437200000, 4844
3, 1445200000, 8482
4, 1451200000, 7326
5, 1459200000, 4844
6, 1463200000, 5482
7, 1465200000, 6482
8, 1470200000, 5884
9, 1475200000, 4844
10, 1477200000, 3643
11, 1495200000, 8723
12, 1496200000, 3643
13, 1505200000, 4683
14, 1509200000, 5884
15, 1510200000, 3643
16, 1515200000, 4844
17, 1517200000, 4844
18, 1521200000, 4844
19, 1530200000, 6482
20, 1531200000, 7924
2, 1537200000, 7326
3, 1545200000, 5683
4, 1551200000, 60482
5, 1559200000, 4844
6, 1563200000, 4844
7, 1565200000, 56482
8, 1570200000, 36732
9, 1575200000, 4844
10, 1577200000, 43444
11, 1595200000, 4844
12, 1596200000, 3643
13, 1605200000, 3643
15, 1610200000, 44140
17, 1617200000, 4844
18, 1621200000, 7482
19, 1630200000, 13047
20, 1631200000, 63041
1, 1632200000, 4844
2, 1637200000, 7326
3, 1645200000, 36812
4, 1651200000, 4844
5, 1659200000, 4844
6, 1663200000, 4844
7, 1665200000, 4844
8, 1670200000, 5085
9, 1675200000, 4844
11, 1695200000, 14967
12, 1696200000, 3683
13, 1705200000, 3643
14, 1709200000, 5085
15, 1710200000, 4482
16, 1715200000, 4844
17, 1717200000, 74849
19, 1730200000, 5884
20, 1731200000, 7326
1, 1732200000, 42979
2, 1737200000, 25312
3, 1745200000, 5884
4, 1751200000, 7567
5, 1759200000, 43482
6, 1763200000, 5085
7, 1765200000, 5683
8, 1770200000, 5085
9, 1775200000, 6683
10, 1777200000, 4482
11, 1795200000, 8607
12, 1796200000, 3884
13, 1805200000, 4683
14, 1809200000, 5884
15, 1810200000, 4482
16, 1815200000, 5482
17, 1817200000, 5683
18, 1821200000, 39894
19, 1830200000, 39571
20, 1831200000, 4844
1, 1832200000, 5085
2, 1837200000, 5884
3, 1845200000, 7326
4, 1851200000, 4844
5, 1859200000, 5683
6, 1863200000, 6683
7, 1865200000, 5884
8, 1870200000, 4844
9, 1875200000, 4844
10, 1877200000, 3643
11, 1895200000, 5683
12, 1896200000, 3643
13, 1905200000, 4683
14, 1909200000, 50750
15, 1910200000, 4482
16, 1915200000, 51175
17, 1917200000, 4844
18, 1921200000, 4844
19, 1930200000, 4884
20, 1931200000, 71441
1, 1932200000, 4844
2, 1937200000, 4884
3, 1945200000, 4844
4, 1951200000, 20340
6, 1963200000, 5683
7, 1965200000, 5482
9, 1975200000, 5683
10, 1977200000, 4683
11, 1995200000, 4884
12, 1996200000, 3643
13, 2005200000, 6892
14, 2009200000, 7567
15, 2010200000, 4683
16, 2015200000, 8482
17, 2017200000, 73771
18, 2021200000, 7326
19, 2030200000, 4844
20, 2031200000, 4844
1, 2032200000, 4844
2, 2037200000, 4844
3, 2045200000, 7326
5, 2059200000, 5085
6, 2063200000, 5683
7, 2065200000, 4844
8, 2070200000, 4844
9, 2075200000, 5683
10, 2077200000, 4683
11, 2095200000, 7924
12, 2096200000, 3643
13, 2105200000, 3643
14, 2109200000, 4844
15, 2110200000, 49549
16, 2115200000, 48482
17, 2117200000, 4844
18, 2121200000, 5482
19, 2130200000, 4884
20, 2131200000, 5683
1, 2132200000, 5482
2, 2137200000, 4884
3, 2145200000, 4844
4, 2151200000, 4844
5, 2159200000, 5884
6, 2163200000, 7482
7, 2165200000, 6683
8, 2170200000, 4844
9, 2175200000, 4844
10, 2177200000, 6125
11, 2195200000, 4884
12, 2196200000, 3643
13, 2205200000, 6125
14, 2209200000, 60399
15, 2210200000, 4683
16, 2215200000, 4844
17, 2217200000, 18683
18, 2221200000, 4844
19, 2230200000, 5085
20, 2231200000, 8482
1, 2232200000, 18252
2, 2237200000, 4884
3, 2245200000, 4844
4, 2251200000, 5884
5, 2259200000, 8482
6, 2263200000, 5884
7, 2265200000, 7683
8, 2270200000, 4844
9, 2275200000, 4844
10, 2277200000, 6683
11, 2295200000, 57940
12, 2296200000, 6125
13, 2305200000, 16802
14, 2309200000, 4844
15, 2310200000, 4683
16, 2315200000, 4844
18, 2321200000, 68908
19, 2330200000, 7326
20, 2331200000, 5884
1, 2332200000, 4844
2, 2337200000, 5482
3, 2345200000, 7884
4, 2351200000, 7683
5, 2359200000, 69022
6, 2363200000, 8567
7, 2365200000, 4844
8, 2370200000, 52482
9, 2375200000, 5884
10, 2377200000, 3683
11, 2395200000, 4884
12, 2396200000, 54811
13, 2405200000, 4683
14, 2409200000, 4844
15, 2410200000, 6125
16, 2415200000, 5884
17, 2417200000, 24722
18, 2421200000, 5085
19, 2430200000, 4844
20, 2431200000, 25683
1, 2432200000, 5884
2, 2437200000, 5085
3, 2445200000, 7567
5, 2459200000, 6482
6, 2463200000, 4844
7, 2465200000, 56271
8, 2470200000, 5884
9, 2475200000, 4844
10, 2477200000, 4683
11, 2495200000, 8567
12, 2496200000, 3643
13, 2505200000, 3643
14, 2509200000, 28822
15, 2510200000, 3643
16, 2515200000, 68730
17, 2517200000, 5884
18, 2521200000, 4844
19, 2530200000, 4884
20, 2531200000, 63897
1, 2532200000, 5683
2, 2537200000, 8482
3, 2545200000, 5482
4, 2551200000, 4844
5, 2559200000, 4884
6, 2563200000, 5085
7, 2565200000, 4844
8, 2570200000, 5683
9, 2575200000, 4844
10, 2577200000, 3643
11, 2595200000, 4844
12, 2596200000, 3683
13, 2605200000, 4683
14, 2609200000, 4844
15, 2610200000, 4683
16, 2615200000, 5683
17, 2617200000, 4844
18, 2621200000, 8482
19, 2630200000, 62925
20, 2631200000, 5482
1, 2632200000, 29225
2, 2637200000, 55236
3, 2645200000, 34683
4, 2651200000, 65482
5, 2659200000, 4844
6, 2663200000, 25445
7, 2665200000, 6683
8, 2670200000, 5884
9, 2675200000, 5683
10, 2677200000, 3643
11, 2695200000, 7326
12, 2696200000, 37459
13, 2705200000, 3643
14, 2709200000, 4844
15, 2710200000, 4683
16, 2715200000, 4844
17, 2717200000, 6482
18, 2721200000, 4844
19, 2730200000, 23316
20, 2731200000, 55919
1, 2732200000, 7482
2, 2737200000, 7683
3, 2745200000, 5085
4, 2751200000, 7326
5, 2759200000, 4844
6, 2763200000, 5683
7, 2765200000, 5884
8, 2770200000, 6482
9, 2775200000, 5085
10, 2777200000, 5482
11, 2795200000, 7326
12, 2796200000, 3643
13, 2805200000, 3643
14, 2809200000, 71884
15, 2810200000, 3643
16, 2815200000, 4844
17, 2817200000, 4844
19, 2830200000, 34683
20, 2831200000, 5482
1, 2832200000, 4844
2, 2837200000, 5683
3, 2845200000, 7326
4, 2851200000, 4844
5, 2859200000, 4844
6, 2863200000, 5085
7, 2865200000, 5884
8, 2870200000, 5085
9, 2875200000, 5085
10, 2877200000, 37499
11, 2895200000, 4844
12, 2896200000, 14363
13, 2905200000, 36119
14, 2909200000, 4844
15, 2910200000, 32147
16, 2915200000, 7482
17, 2917200000, 4844
18, 2921200000, 20300
19, 2930200000, 5085
20, 2931200000, 4844
1, 2932200000, 4844
2, 2937200000, 5085
3, 2945200000, 48139
4, 2951200000, 7326
5, 2959200000, 4844
6, 2963200000, 5085
7, 2965200000, 4844
9, 2975200000, 4844
10, 2977200000, 3683
11, 2995200000, 4844
12, 2996200000, 43649
13, 3005200000, 3884
14, 3009200000, 7326
15, 3010200000, 3683
16, 3015200000, 34800
17, 3017200000, 7326
18, 3021200000, 7482
19, 3030200000, 5085
20, 3031200000, 4844
1, 3032200000, 4884
2, 3037200000, 4884
4, 3051200000, 4844
5, 3059200000, 4884
6, 3063200000, 4844
7, 3065200000, 4844
8, 3070200000, 4844
9, 3075200000, 4844
10, 3077200000, 4482
11, 3095200000, 41789
12, 3096200000, 64385
13, 3105200000, 4683
14, 3109200000, 17309
15, 3110200000, 3643
16, 3115200000, 5683
17, 3117200000, 4844
18, 3121200000, 6683
19, 3130200000, 49884
20, 3131200000, 4844
1, 3132200000, 4844
2, 3137200000, 4844
3, 3145200000, 5683
4, 3151200000, 5683
5, 3159200000, 19219
6, 3163200000, 5482
7, 3165200000, 5884
8, 3170200000, 28797
9, 3175200000, 5683
10, 3177200000, 6683
11, 3195200000, 4844
12, 3196200000, 3643
13, 3205200000, 6125
14, 3209200000, 4884
15, 3210200000, 46617
16, 3215200000, 5085
17, 3217200000, 50482
18, 3221200000, 4844
19, 3230200000, 4844
20, 3231200000, 7482
1, 3232200000, 4884
2, 3237200000, 4844
3, 3245200000, 5884
5, 3259200000, 7326
6, 3263200000, 4844
7, 3265200000, 7326
8, 3270200000, 4844
9, 3275200000, 5085
10, 3277200000, 69482
11, 3295200000, 5085
12, 3296200000, 6125
13, 3305200000, 4683
14, 3309200000, 15159
15, 3310200000, 3643
17, 3317200000, 4844
18, 3321200000, 4844
19, 3330200000, 54482
20, 3331200000, 4844
1, 3332200000, 5085
2, 3337200000, 83769
3, 3345200000, 7326
4, 3351200000, 8482
5, 3359200000, 40499
6, 3363200000, 7683
7, 3365200000, 6482
8, 3370200000, 4844
9, 3375200000, 4844
10, 3377200000, 4683
11, 3395200000, 4844
12, 3396200000, 3643
13, 3405200000, 3643
14, 3409200000, 5884
15, 3410200000, 6125
16, 3415200000, 6482
17, 3417200000, 5482
18, 3421200000, 5482
19, 3430200000, 4844
20, 3431200000, 4844
1, 3432200000, 4844
2, 3437200000, 4844
3, 3445200000, 69884
4, 3451200000, 7326
5, 3459200000, 4844
6, 3463200000, 5482
7, 3465200000, 4844
8, 3470200000, 4844
9, 3475200000, 75732
10, 3477200000, 3643
11, 3495200000, 8567
12, 3496200000, 3683
13, 3505200000, 3643
14, 3509200000, 4844
15, 3510200000, 52084
16, 3515200000, 6482
17, 3517200000, 4844
18, 3521200000, 4844
19, 3530200000, 5884
20, 3531200000, 7326
1, 3532200000, 6482
2, 3537200000, 56972
3, 3545200000, 4844
4, 3551200000, 4884
5, 3559200000, 5884
6, 3563200000, 4844
7, 3565200000, 10107
8, 3570200000, 4844
9, 3575200000, 5683
10, 3577200000, 4482
11, 3595200000, 5683
12, 3596200000, 3643
13, 3605200000, 4683
14, 3609200000, 69683
15, 3610200000, 4482
16, 3615200000, 41683
17, 3617200000, 5683
18, 3621200000, 7567
19, 3630200000, 4844
20, 3631200000, 4884
1, 3632200000, 4844
2, 3637200000, 8482
3, 3645200000, 4844
4, 3651200000, 5482
5, 3659200000, 4844
6, 3663200000, 4844
7, 3665200000, 5884
8, 3670200000, 5683
9, 3675200000, 4844
10, 3677200000, 5482
11, 3695200000, 7326
12, 3696200000, 3683
13, 3705200000, 3683
14, 3709200000, 4844
15, 3710200000, 3683
16, 3715200000, 43114
17, 3717200000, 20701
18, 3721200000, 5683
19, 3730200000, 4884
20, 3731200000, 7326
1, 3732200000, 7326
2, 3737200000, 7482
3, 3745200000, 5683
4, 3751200000, 7326
5, 3759200000, 5884
6, 3763200000, 5085
7, 3765200000, 50482
8, 3770200000, 31800
9, 3775200000, 5482
10, 3777200000, 3683
11, 3795200000, 8607
12, 3796200000, 3643
13, 3805200000, 3884
14, 3809200000, 4844
15, 3810200000, 3643
16, 3815200000, 5085
17, 3817200000, 5482
18, 3821200000, 4844
19, 3830200000, 72781
20, 3831200000, 4844
1, 3832200000, 4844
2, 3837200000, 5683
3, 3845200000, 7884
4, 3851200000, 4844
5, 3859200000, 4844
6, 3863200000, 4844
7, 3865200000, 16683
8, 3870200000, 71606
9, 3875200000, 5085
10, 3877200000, 4683
11, 3895200000, 5884
12, 3896200000, 4482
13, 3905200000, 3683
14, 3909200000, 4884
15, 3910200000, 3884
16, 3915200000, 7683
17, 3917200000, 34643
18, 3921200000, 7482
19, 3930200000, 5884
20, 3931200000, 5683
1, 3932200000, 31912
2, 3937200000, 27413
3, 3945200000, 45683
4, 3951200000, 7326
5, 3959200000, 5482
6, 3963200000, 4844
7, 3965200000, 5085
8, 3970200000, 5085
9, 3975200000, 11909
10, 3977200000, 3683
11, 3995200000, 5884
12, 3996200000, 3884
13, 4005200000, 3643
14, 4009200000, 7683
15, 4010200000, 3643
16, 4015200000, 8482
17, 4017200000, 7326
18, 4021200000, 8607
20, 4031200000, 39945
1, 4032200000, 5683
2, 4037200000, 4884
3, 4045200000, 7326
4, 4051200000, 4884
5, 4059200000, 5482
6, 4063200000, 4844
7, 4065200000, 4884
8, 4070200000, 52482
9, 4075200000, 4844
10, 4077200000, 3643
11, 4095200000, 7567
12, 4096200000, 3643
13, 4105200000, 3643
14, 4109200000, 5085
15, 4110200000, 4482
16, 4115200000, 5085
17, 4117200000, 5085
18, 4121200000, 5482
19, 4130200000, 5085
20, 4131200000, 5683
1, 4132200000, 4884
2, 4137200000, 32318
3, 4145200000, 4844
4, 4151200000, 6482
5, 4159200000, 5884
6, 4163200000, 4844
7, 4165200000, 6683
8, 4170200000, 72482
9, 4175200000, 4844
10, 4177200000, 6366
11, 4195200000, 4844
12, 4196200000, 3643
13, 4205200000, 6125
14, 4209200000, 4844
15, 4210200000, 3884
16, 4215200000, 5085
17, 4217200000, 4844
18, 4221200000, 5683
19, 4230200000, 10606
20, 4231200000, 20340
1, 4232200000, 56177
2, 4237200000, 5482
3, 4245200000, 19642
4, 4251200000, 4844
5, 4259200000, 8482
6, 4263200000, 4884
7, 4265200000, 7884
8, 4270200000, 18496
9, 4275200000, 5683
10, 4277200000, 25240
11, 4295200000, 5884
12, 4296200000, 6125
13, 4305200000, 5482
14, 4309200000, 5683
15, 4310200000, 3643
16, 4315200000, 5482
17, 4317200000, 4844
18, 4321200000, 5482
19, 4330200000, 8567
20, 4331200000, 4844
1, 4332200000, 4884
2, 4337200000, 5482
3, 4345200000, 7567
4, 4351200000, 7964
5, 4359200000, 59482
6, 4363200000, 7326
8, 4370200000, 4844
9, 4375200000, 4844
10, 4377200000, 3643
11, 4395200000, 65652
12, 4396200000, 3643
13, 4405200000, 3643
14, 4409200000, 54482
15, 4410200000, 6125
16, 4415200000, 4956
18, 4421200000, 4884
19, 4430200000, 59948
20, 4431200000, 4844
1, 4432200000, 4844
2, 4437200000, 66379
3, 4445200000, 8482
4, 4451200000, 7326
5, 4459200000, 5683
6, 4463200000, 60592
7, 4465200000, 4844
8, 4470200000, 4844
9, 4475200000, 5683
10, 4477200000, 3643
11, 4495200000, 21924
12, 4496200000, 3683
13, 4505200000, 18482
14, 4509200000, 25482
15, 4510200000, 4683
16, 4515200000, 5683
17, 4517200000, 4844
18, 4521200000, 4844
19, 4530200000, 5482
20, 4531200000, 10165
1, 4532200000, 4844
2, 4537200000, 8482
3, 4545200000, 4844
4, 4551200000, 5085
5, 4559200000, 5482
6, 4563200000, 5085
7, 4565200000, 45970
8, 4570200000, 4844
9, 4575200000, 4844
10, 4577200000, 3643
11, 4595200000, 5482
12, 4596200000, 3683
13, 4605200000, 4683
14, 4609200000, 5482
15, 4610200000, 3643
16, 4615200000, 17050
17, 4617200000, 4844
18, 4621200000, 8482
19, 4630200000, 4884
20, 4631200000, 4844
1, 4632200000, 4844
2, 4637200000, 43552
3, 4645200000, 31683
4, 4651200000, 4844
5, 4659200000, 13194
6, 4663200000, 4844
7, 4665200000, 5683
8, 4670200000, 4844
9, 4675200000, 5683
10, 4677200000, 3643
11, 4695200000, 8683
12, 4696200000, 4482
13, 4705200000, 4482
14, 4709200000, 4844
15, 4710200000, 3683
16, 4715200000, 4844
17, 4717200000, 6482
18, 4721200000, 4844
19, 4730200000, 6482
20, 4731200000, 7326
1, 4732200000, 7326
2, 4737200000, 7326
3, 4745200000, 5884
4, 4751200000, 8482
5, 4759200000, 5482
6, 4763200000, 4884
7, 4765200000, 18884
8, 4770200000, 4844
9, 4775200000, 33764
10, 4777200000, 68183
11, 4795200000, 8567
12, 4796200000, 3643
13, 4805200000, 3643
14, 4809200000, 4844
15, 4810200000, 4425
16, 4815200000, 4844
17, 4817200000, 8093
18, 4821200000, 12541
19, 4830200000, 7884
20, 4831200000, 30631
1, 4832200000, 31711
2, 4837200000, 4844
3, 4845200000, 7482
4, 4851200000, 4844
5, 4859200000, 31354
6, 4863200000, 4884
7, 4865200000, 5884
9, 4875200000, 4844
11, 4895200000, 5683
12, 4896200000, 4482
13, 4905200000, 3683
14, 4909200000, 5683
15, 4910200000, 3643
16, 4915200000, 7326
17, 4917200000, 31125
18, 4921200000, 6482
19, 4930200000, 4884
20, 4931200000, 4844
1, 4932200000, 48452
2, 4937200000, 4844
3, 4945200000, 5482
4, 4951200000, 35153
5, 4959200000, 5482
6, 4963200000, 5085
7, 4965200000, 5482
8, 4970200000, 4844
9, 4975200000, 5683
10, 4977200000, 3643
11, 4995200000, 18822
12, 4996200000, 3683
13, 5005200000, 3643
14, 5009200000, 7326
15, 5010200000, 12910
16, 5015200000, 7326
17, 5017200000, 34100
18, 5021200000, 7567
19, 5030200000, 4844
20, 5031200000, 5482
1, 5032200000, 5683
2, 5037200000, 5085
3, 5045200000, 8482
4, 5051200000, 5085
5, 5059200000, 5683
6, 5063200000, 4844
7, 5065200000, 4884
8, 5070200000, 5482
9, 5075200000, 5884
10, 5077200000, 3884
11, 5095200000, 8567
12, 5096200000, 4482
13, 5105200000, 72482
14, 5109200000, 5085
15, 5110200000, 3643
16, 5115200000, 4844
17, 5117200000, 4884
18, 5121200000, 5085
19, 5130200000, 67240
20, 5131200000, 4884
1, 5132200000, 6683
2, 5137200000, 5482
3, 5145200000, 4844
4, 5151200000, 5085
5, 5159200000, 4844
6, 5163200000, 4844
7, 5165200000, 5683
8, 5170200000, 4844
9, 5175200000, 6482
10, 5177200000, 6125
11, 5195200000, 4844
12, 5196200000, 3643
13, 5205200000, 37683
14, 5209200000, 4844
15, 5210200000, 3683
16, 5215200000, 4844
17, 5217200000, 5085
18, 5221200000, 5085
19, 5230200000, 5482
20, 5231200000, 59683
1, 5232200000, 4844
2, 5237200000, 41588
3, 5245200000, 7013
4, 5251200000, 52931
5, 5259200000, 8482
6, 5263200000, 5884
7, 5265200000, 7326
8, 5270200000, 5085
9, 5275200000, 4844
11, 5295200000, 4884
12, 5296200000, 6366
13, 5305200000, 4683
14, 5309200000, 4844
16, 5315200000, 5683
17, 5317200000, 4844
19, 5330200000, 8482
20, 5331200000, 5884
1, 5332200000, 4844
2, 5337200000, 4844
3, 5345200000, 7808
4, 5351200000, 7326
5, 5359200000, 22344
6, 5363200000, 8125
7, 5365200000, 5683
8, 5370200000, 7482
9, 5375200000, 5683
10, 5377200000, 44488
12, 5396200000, 4683
13, 5405200000, 3643
14, 5409200000, 5683
15, 5410200000, 6125
16, 5415200000, 5683
17, 5417200000, 5884
19, 5430200000, 5482
20, 5431200000, 4844
1, 5432200000, 4844
2, 5437200000, 4844
3, 5445200000, 8683
4, 5451200000, 26148
5, 5459200000, 5683
6, 5463200000, 5482
7, 5465200000, 5482
8, 5470200000, 4844
9, 5475200000, 48340
11, 5495200000, 8567
12, 5496200000, 61394
13, 5505200000, 51513
14, 5509200000, 6683
15, 5510200000, 16898
16, 5515200000, 4844
17, 5517200000, 29683
18, 5521200000, 4844
19, 5530200000, 4844
20, 5531200000, 8808
1, 5532200000, 67781
2, 5537200000, 7326
3, 5545200000, 5085
4, 5551200000, 4844
5, 5559200000, 4844
6, 5563200000, 31671
7, 5565200000, 4844
8, 5570200000, 51031
9, 5575200000, 7482
10, 5577200000, 3643
11, 5595200000, 70683
12, 5596200000, 3884
13, 5605200000, 44689
14, 5609200000, 5683
15, 5610200000, 70763
16, 5615200000, 4844
17, 5617200000, 4844
18, 5621200000, 7326
19, 5630200000, 4844
20, 5631200000, 4844
1, 5632200000, 4844
2, 5637200000, 7482
3, 5645200000, 39664
4, 5651200000, 4844
5, 5659200000, 4884
6, 5663200000, 4844
7, 5665200000, 6482
8, 5670200000, 5683
9, 5675200000, 5683
10, 5677200000, 3683
11, 5695200000, 7326
12, 5696200000, 3643
13, 5705200000, 3643
14, 5709200000, 4844
15, 5710200000, 4482
16, 5715200000, 6482
17, 5717200000, 68088
18, 5721200000, 4844
19, 5730200000, 4844
20, 5731200000, 7326
1, 5732200000, 7326
2, 5737200000, 7326
4, 5751200000, 7683
5, 5759200000, 4844
6, 5763200000, 45332
7, 5765200000, 4844
8, 5770200000, 5482
9, 5775200000, 5121
10, 5777200000, 3643
11, 5795200000, 9607
12, 5796200000, 3643
13, 5805200000, 4683
14, 5809200000, 4844
15, 5810200000, 3643
16, 5815200000, 4844
17, 5817200000, 4844
18, 5821200000, 5482
19, 5830200000, 7326
20, 5831200000, 5085
1, 5832200000, 4844
2, 5837200000, 5884
3, 5845200000, 7326
4, 5851200000, 4844
5, 5859200000, 5683
6, 5863200000, 5482
7, 5865200000, 5884
8, 5870200000, 5482
9, 5875200000, 5683
10, 5877200000, 36824
11, 5895200000, 60482
12, 5896200000, 4683
13, 5905200000, 50995
14, 5909200000, 4844
15, 5910200000, 4683
16, 5915200000, 8125
17, 5917200000, 5482
18, 5921200000, 5085
19, 5930200000, 5884
20, 5931200000, 6406
1, 5932200000, 5482
2, 5937200000, 4844
3, 5945200000, 5884
4, 5951200000, 7326
5, 5959200000, 4844
6, 5963200000, 5884
7, 5965200000, 4844
9, 5975200000, 5884
10, 5977200000, 4482
11, 5995200000, 66500
12, 5996200000, 3643
13, 6005200000, 83287
14, 6009200000, 7326
15, 6010200000, 4482
16, 6015200000, 7884
17, 6017200000, 8683
18, 6021200000, 7326
19, 6030200000, 5482
20, 6031200000, 22196
1, 6032200000, 5482
2, 6037200000, 4884
3, 6045200000, 66887
4, 6051200000, 4844
5, 6059200000, 24517
6, 6063200000, 5085
7, 6065200000, 5884
8, 6070200000, 4844
9, 6075200000, 4844
10, 6077200000, 5089
11, 6095200000, 8723
12, 6096200000, 3643
13, 6105200000, 3884
14, 6109200000, 50710
15, 6110200000, 3683
16, 6115200000, 4844
17, 6117200000, 5482
18, 6121200000, 4884
19, 6130200000, 43482
20, 6131200000, 6482
1, 6132200000, 4844
2, 6137200000, 5884
3, 6145200000, 4844
4, 6151200000, 4844
5, 6159200000, 4844
6, 6163200000, 5482
7, 6165200000, 4844
8, 6170200000, 4844
9, 6175200000, 5683
10, 6177200000, 7482
11, 6195200000, 4844
12, 6196200000, 3643
13, 6205200000, 6125
14, 6209200000, 6683
15, 6210200000, 65022
16, 6215200000, 4844
17, 6217200000, 15122
18, 6221200000, 5482
19, 6230200000, 4844
20, 6231200000, 7326
1, 6232200000, 5482
2, 6237200000, 5085
3, 6245200000, 5683
4, 6251200000, 4844
5, 6259200000, 7884
6, 6263200000, 5683
7, 6265200000, 7567
8, 6270200000, 4844
9, 6275200000, 5884
10, 6277200000, 6125
11, 6295200000, 5085
12, 6296200000, 6924
13, 6305200000, 3643
14, 6309200000, 4844
15, 6310200000, 3643
17, 6317200000, 6482
18, 6321200000, 14725
20, 6331200000, 4884
1, 6332200000, 4884
3, 6345200000, 7683
4, 6351200000, 7326
5, 6359200000, 71639
6, 6363200000, 26057
7, 6365200000, 4844
8, 6370200000, 5085
9, 6375200000, 5683
10, 6377200000, 54570
11, 6395200000, 5884
12, 6396200000, 3643
13, 6405200000, 3683
14, 6409200000, 63683
15, 6410200000, 6125
16, 6415200000, 57779
17, 6417200000, 55369
18, 6421200000, 5884
19, 6430200000, 60593
20, 6431200000, 4844
1, 6432200000, 4844
2, 6437200000, 4844
3, 6445200000, 7326
4, 6451200000, 7884
5, 6459200000, 5884
6, 6463200000, 4844
7, 6465200000, 66492
9, 6475200000, 5085
10, 6477200000, 3884
11, 6495200000, 9683
12, 6496200000, 4482
13, 6505200000, 8922
14, 6509200000, 70678
15, 6510200000, 3643
16, 6515200000, 14640
17, 6517200000, 4844
18, 6521200000, 5085
19, 6530200000, 4884
20, 6531200000, 8607
1, 6532200000, 67766
2, 6537200000, 7326
3, 6545200000, 84147
4, 6551200000, 5683
5, 6559200000, 6482
6, 6563200000, 4844
7, 6565200000, 5085
8, 6570200000, 27574
9, 6575200000, 4844
10, 6577200000, 4482
11, 6595200000, 5884
12, 6596200000, 32482
13, 6605200000, 53482
14, 6609200000, 4884
15, 6610200000, 3643
16, 6615200000, 5884
17, 6617200000, 4884
18, 6621200000, 7482
19, 6630200000, 6482
20, 6631200000, 5085
1, 6632200000, 4844
2, 6637200000, 16002
3, 6645200000, 4844
4, 6651200000, 6482
5, 6659200000, 4844
6, 6663200000, 4844
8, 6670200000, 29482
9, 6675200000, 4844
11, 6695200000, 70341
12, 6696200000, 58622
14, 6709200000, 4844
15, 6710200000, 3643
16, 6715200000, 50549
17, 6717200000, 31028
18, 6721200000, 5482
19, 6730200000, 15524
1, 6732200000, 7326
2, 6737200000, 7326
3, 6745200000, 4844
4, 6751200000, 7567
5, 6759200000, 49826
6, 6763200000, 58297
7, 6765200000, 63648
8, 6770200000, 4844
9, 6775200000, 11909
10, 6777200000, 9527
11, 6795200000, 58887
12, 6796200000, 3884
13, 6805200000, 3683
14, 6809200000, 4844
15, 6810200000, 4482
16, 6815200000, 5085
17, 6817200000, 63683
18, 6821200000, 5085
19, 6830200000, 7884
20, 6831200000, 5085
1, 6832200000, 71194
2, 6837200000, 4844
3, 6845200000, 7683
4, 6851200000, 5683
5, 6859200000, 4844
6, 6863200000, 4844
7, 6865200000, 5085
8, 6870200000, 4844
9, 6875200000, 4844
10, 6877200000, 4482
11, 6895200000, 5884
12, 6896200000, 5482
13, 6905200000, 5482
14, 6909200000, 54002
15, 6910200000, 3683
16, 6915200000, 8482
17, 6917200000, 4844
18, 6921200000, 6482
19, 6930200000, 4844
20, 6931200000, 4844
1, 6932200000, 4884
2, 6937200000, 38906
3, 6945200000, 4844
4, 6951200000, 7567
5, 6959200000, 4884
6, 6963200000, 5683
7, 6965200000, 61479
8, 6970200000, 5085
9, 6975200000, 4844
10, 6977200000, 4482
11, 6995200000, 4844
12, 6996200000, 4683
13, 7005200000, 3683
14, 7009200000, 8482
15, 7010200000, 3643
16, 7015200000, 7326
17, 7017200000, 7326
18, 7021200000, 8964
19, 7030200000, 56659
20, 7031200000, 4844
1, 7032200000, 5884
2, 7037200000, 5482
3, 7045200000, 7482
4, 7051200000, 5482
5, 7059200000, 4844
7, 7065200000, 5085
9, 7075200000, 4844
10, 7077200000, 3643
11, 7095200000, 7326
12, 7096200000, 5482
13, 7105200000, 3884
14, 7109200000, 4844
15, 7110200000, 4683
16, 7115200000, 4844
17, 7117200000, 4844
18, 7121200000, 23557
19, 7130200000, 42482
20, 7131200000, 4844
1, 7132200000, 4844
2, 7137200000, 34884
3, 7145200000, 5683
4, 7151200000, 4844
5, 7159200000, 24847
6, 7163200000, 4844
7, 7165200000, 4844
8, 7170200000, 5884
9, 7175200000, 4844
10, 7177200000, 6366
11, 7195200000, 63965
12, 7196200000, 3643
13, 7205200000, 6482
14, 7209200000, 4844
15, 7210200000, 5482
16, 7215200000, 4844
17, 7217200000, 6482
18, 7221200000, 40347
19, 7230200000, 4844
20, 7231200000, 7326
1, 7232200000, 4844
2, 7237200000, 4844
3, 7245200000, 5683
4, 7251200000, 5884
5, 7259200000, 7884
6, 7263200000, 4844
7, 7265200000, 7326
9, 7275200000, 4884
10, 7277200000, 6366
11, 7295200000, 5683
12, 7296200000, 58293
13, 7305200000, 3643
14, 7309200000, 5884
15, 7310200000, 4482
16, 7315200000, 4844
17, 7317200000, 4844
18, 7321200000, 5085
19, 7330200000, 7482
20, 7331200000, 4884
1, 7332200000, 6482
2, 7337200000, 5884
3, 7345200000, 70515
4, 7351200000, 7482
5, 7359200000, 7884
6, 7363200000, 7326
7, 7365200000, 4844
8, 7370200000, 4884
9, 7375200000, 4844
10, 7377200000, 4482
11, 7395200000, 4884
12, 7396200000, 4683
13, 7405200000, 3643
14, 7409200000, 4844
15, 7410200000, 22959
16, 7415200000, 64482
17, 7417200000, 5085
18, 7421200000, 12482
19, 7430200000, 4884
20, 7431200000, 64683
1, 7432200000, 4844
2, 7437200000, 6683
3, 7445200000, 7482
4, 7451200000, 60945
5, 7459200000, 6482
6, 7463200000, 5482
7, 7465200000, 27208
8, 7470200000, 36742
9, 7475200000, 5884
10, 7477200000, 3643
11, 7495200000, 8567
13, 7505200000, 3643
14, 7509200000, 4844
15, 7510200000, 3643
16, 7515200000, 4844
17, 7517200000, 4844
18, 7521200000, 38660
1, 7532200000, 4844
2, 7537200000, 7326
3, 7545200000, 64884
4, 7551200000, 5482
5, 7559200000, 35045
6, 7563200000, 5482
7, 7565200000, 4884
8, 7570200000, 4844
9, 7575200000, 4844
10, 7577200000, 4683
11, 7595200000, 4844
12, 7596200000, 3643
13, 7605200000, 3884
14, 7609200000, 4884
15, 7610200000, 3643
16, 7615200000, 22794
17, 7617200000, 5482
18, 7621200000, 7366
20, 7631200000, 5683
1, 7632200000, 4844
3, 7645200000, 5482
5, 7659200000, 4884
6, 7663200000, 4844
7, 7665200000, 4844
8, 7670200000, 4844
9, 7675200000, 5683
10, 7677200000, 4482
11, 7695200000, 7326
12, 7696200000, 3643
13, 7705200000, 32081
14, 7709200000, 5884
15, 7710200000, 3884
16, 7715200000, 4844
17, 7717200000, 5482
18, 7721200000, 4844
19, 7730200000, 4844
20, 7731200000, 7326
1, 7732200000, 7326
2, 7737200000, 7567
3, 7745200000, 5683
4, 7751200000, 7683
5, 7759200000, 47884
6, 7763200000, 4844
7, 7765200000, 5085
8, 7770200000, 62599
9, 7775200000, 5085
10, 7777200000, 3683
11, 7795200000, 7567
12, 7796200000, 71408
13, 7805200000, 62206
14, 7809200000, 4844
15, 7810200000, 4683
16, 7815200000, 5884
17, 7817200000, 4844
18, 7821200000, 4844
19, 7830200000, 7326
20, 7831200000, 5683
1, 7832200000, 5482
2, 7837200000, 5683
3, 7845200000, 7326
4, 7851200000, 5683
5, 7859200000, 26610
6, 7863200000, 4844
7, 7865200000, 5683
8, 7870200000, 5482
9, 7875200000, 4844
10, 7877200000, 4482
11, 7895200000, 35688
12, 7896200000, 3643
13, 7905200000, 3643
14, 7909200000, 5683
16, 7915200000, 38482
17, 7917200000, 37535
18, 7921200000, 4844
19, 7930200000, 4844
20, 7931200000, 4844
1, 7932200000, 4844
2, 7937200000, 60884
3, 7945200000, 5482
4, 7951200000, 7326
5, 7959200000, 4844
6, 7963200000, 5683
7, 7965200000, 5482
8, 7970200000, 5085
9, 7975200000, 5683
10, 7977200000, 3643
11, 7995200000, 5884
12, 7996200000, 9427
13, 8005200000, 3643
14, 8009200000, 49095
15, 8010200000, 3643
16, 8015200000, 7683
18, 8021200000, 7884
19, 8030200000, 5884
20, 8031200000, 4844
1, 8032200000, 4844
2, 8037200000, 24606
3, 8045200000, 38303
4, 8051200000, 4844
5, 8059200000, 32675
6, 8063200000, 4844
7, 8065200000, 5683
8, 8070200000, 5884
9, 8075200000, 4884
10, 8077200000, 4683
11, 8095200000, 9366
12, 8096200000, 3884
13, 8105200000, 21482
14, 8109200000, 7254
15, 8110200000, 66683
17, 8117200000, 4844
18, 8121200000, 6482
19, 8130200000, 43721
20, 8131200000, 5683
1, 8132200000, 5683
2, 8137200000, 5640
3, 8145200000, 5482
4, 8151200000, 4844
5, 8159200000, 5884
6, 8163200000, 5482
7, 8165200000, 4844
8, 8170200000, 53923
9, 8175200000, 4844
10, 8177200000, 55174
11, 8195200000, 4844
13, 8205200000, 6125
14, 8209200000, 5085
15, 8210200000, 4683
16, 8215200000, 4844
17, 8217200000, 34402
18, 8221200000, 4844
19, 8230200000, 38740
20, 8231200000, 7482
1, 8232200000, 4844
2, 8237200000, 4884
3, 8245200000, 5482
4, 8251200000, 4884
5, 8259200000, 74177
6, 8263200000, 5482
7, 8265200000, 7326
8, 8270200000, 4844
9, 8275200000, 4844
10, 8277200000, 6125
11, 8295200000, 4884
12, 8296200000, 7482
13, 8305200000, 21482
14, 8309200000, 4844
15, 8310200000, 3643
16, 8315200000, 5085
17, 8317200000, 4844
18, 8321200000, 4844
19, 8330200000, 53549
20, 8331200000, 5085
1, 8332200000, 5482
2, 8337200000, 5683
3, 8345200000, 7326
5, 8359200000, 7326
6, 8363200000, 7482
7, 8365200000, 4844
9, 8375200000, 19043
10, 8377200000, 3643
11, 8395200000, 29426
12, 8396200000, 3643
13, 8405200000, 3643
14, 8409200000, 40146
15, 8410200000, 6125
16, 8415200000, 4884
17, 8417200000, 20183
18, 8421200000, 5683
19, 8430200000, 4844
20, 8431200000, 4844
1, 8432200000, 4844
2, 8437200000, 4844
3, 8445200000, 8482
4, 8451200000, 7567
5, 8459200000, 47095
6, 8463200000, 6482
7, 8465200000, 5085
8, 8470200000, 5884
9, 8475200000, 4844
10, 8477200000, 38482
11, 8495200000, 22380
12, 8496200000, 3643
13, 8505200000, 3683
14, 8509200000, 4844
15, 8510200000, 3643
16, 8515200000, 4844
17, 8517200000, 6482
18, 8521200000, 56974
19, 8530200000, 5884
20, 8531200000, 8567
1, 8532200000, 4844
2, 8537200000, 8482
3, 8545200000, 4844
4, 8551200000, 66656
5, 8559200000, 15683
6, 8563200000, 6482
7, 8565200000, 44482
8, 8570200000, 5683
9, 8575200000, 4844
10, 8577200000, 20912
11, 8595200000, 4884
12, 8596200000, 3643
13, 8605200000, 4482
14, 8609200000, 5482
15, 8610200000, 3643
16, 8615200000, 5085
17, 8617200000, 5085
18, 8621200000, 8482
19, 8630200000, 5482
20, 8631200000, 5683
1, 8632200000, 5085
2, 8637200000, 7326
3, 8645200000, 5482
5, 8659200000, 6482
6, 8663200000, 6683
7, 8665200000, 4844
8, 8670200000, 5884
9, 8675200000, 5085
10, 8677200000, 3643
11, 8695200000, 7884
12, 8696200000, 3643
13, 8705200000, 3643
14, 8709200000, 4844
15, 8710200000, 3884
16, 8715200000, 5683
17, 8717200000, 66508
18, 8721200000, 5884
19, 8730200000, 22482
1, 8732200000, 8482
2, 8737200000, 8482
3, 8745200000, 5482
4, 8751200000, 8482
5, 8759200000, 5482
6, 8763200000, 33523
7, 8765200000, 5482
8, 8770200000, 4844
9, 8775200000, 4844
10, 8777200000, 3643
11, 8795200000, 7326
12, 8796200000, 3643
13, 8805200000, 3683
14, 8809200000, 55100
15, 8810200000, 3643
16, 8815200000, 5482
17, 8817200000, 40409
18, 8821200000, 5683
19, 8830200000, 7326
1, 8832200000, 4844
2, 8837200000, 10482
3, 8845200000, 7326
4, 8851200000, 4844
5, 8859200000, 5683
6, 8863200000, 5085
7, 8865200000, 5085
8, 8870200000, 4844
10, 8877200000, 13398
12, 8896200000, 3683
13, 8905200000, 5482
14, 8909200000, 5482
15, 8910200000, 3884
16, 8915200000, 7482
17, 8917200000, 32028
18, 8921200000, 15884
19, 8930200000, 6683
20, 8931200000, 5683
1, 8932200000, 6482
2, 8937200000, 6683
3, 8945200000, 4884
4, 8951200000, 7326
5, 8959200000, 5085
6, 8963200000, 8941
7, 8965200000, 5884
8, 8970200000, 4844
9, 8975200000, 4844
10, 8977200000, 122482
11, 8995200000, 28482
12, 8996200000, 4683
13, 9005200000, 63045
14, 9009200000, 37884
15, 9010200000, 3643
16, 9015200000, 8482
17, 9017200000, 9482
18, 9021200000, 7326
19, 9030200000, 29215
20, 9031200000, 5683
1, 9032200000, 20978
2, 9037200000, 4844
3, 9045200000, 7683
4, 9051200000, 14743
5, 9059200000, 4844
6, 9063200000, 4844
7, 9065200000, 4844
8, 9070200000, 4884
9, 9075200000, 50683
11, 9095200000, 8964
12, 9096200000, 32920
13, 9105200000, 40275
14, 9109200000, 4844
15, 9110200000, 4683
16, 9115200000, 4884
17, 9117200000, 4844
18, 9121200000, 4844
19, 9130200000, 4844
20, 9131200000, 4844
1, 9132200000, 5085
2, 9137200000, 5683
5, 9159200000, 5884
6, 9163200000, 4844
7, 9165200000, 5683
8, 9170200000, 5683
9, 9175200000, 5085
10, 9177200000, 6683
11, 9195200000, 4844
12, 9196200000, 3643
13, 9205200000, 6366
14, 9209200000, 5683
15, 9210200000, 3643
16, 9215200000, 4844
17, 9217200000, 28895
18, 9221200000, 98863
19, 9230200000, 4844
1, 9232200000, 29041
2, 9237200000, 40869
3, 9245200000, 4844
4, 9251200000, 4844
5, 9259200000, 45482
6, 9263200000, 4884
8, 9270200000, 5482
9, 9275200000, 4844
10, 9277200000, 6125
11, 9295200000, 19460
12, 9296200000, 6125
13, 9305200000, 37670
14, 9309200000, 83068
15, 9310200000, 3884
17, 9317200000, 5884
18, 9321200000, 5884
19, 9330200000, 29822
20, 9331200000, 5683
1, 9332200000, 5085
2, 9337200000, 55851
3, 9345200000, 7482
4, 9351200000, 7567
5, 9359200000, 7482
6, 9363200000, 38934
7, 9365200000, 12884
8, 9370200000, 5482
9, 9375200000, 5085
10, 9377200000, 34366
11, 9395200000, 32394
12, 9396200000, 42889
13, 9405200000, 3643
14, 9409200000, 4844
15, 9410200000, 6683
16, 9415200000, 4844
17, 9417200000, 4844
18, 9421200000, 5683
19, 9430200000, 4844
20, 9431200000, 4884
1, 9432200000, 5482
2, 9437200000, 4844
3, 9445200000, 49260
4, 9451200000, 7326
5, 9459200000, 4844
6, 9463200000, 4844
7, 9465200000, 4844
8, 9470200000, 4844
9, 9475200000, 4844
10, 9477200000, 4482
11, 9495200000, 29280
12, 9496200000, 3643
13, 9505200000, 4683
14, 9509200000, 5683
15, 9510200000, 59189
16, 9515200000, 5482
17, 9517200000, 5482
18, 9521200000, 4844
19, 9530200000, 5085
20, 9531200000, 8808
1, 9532200000, 4844
2, 9537200000, 7884
3, 9545200000, 4844
4, 9551200000, 5884
5, 9559200000, 4844
6, 9563200000, 5482
7, 9565200000, 5884
8, 9570200000, 34563
9, 9575200000, 4844
10, 9577200000, 71482
11, 9595200000, 4884
12, 9596200000, 3683
13, 9605200000, 3643
14, 9609200000, 4844
15, 9610200000, 3643
16, 9615200000, 5085
17, 9617200000, 41150
18, 9621200000, 7567
19, 9630200000, 4844
20, 9631200000, 4844
1, 9632200000, 4844
2, 9637200000, 7326
3, 9645200000, 50549
4, 9651200000, 4844
5, 9659200000, 4844
6, 9663200000, 4844
7, 9665200000, 5884
8, 9670200000, 4884
9, 9675200000, 5085
10, 9677200000, 62683
11, 9695200000, 7567
12, 9696200000, 3884
13, 9705200000, 4683
14, 9709200000, 8053
15, 9710200000, 3643
16, 9715200000, 4844
18, 9721200000, 5482
19, 9730200000, 32482
20, 9731200000, 7326
1, 9732200000, 7482
2, 9737200000, 7884
3, 9745200000, 19179
4, 9751200000, 7326
5, 9759200000, 6683
6, 9763200000, 4844
7, 9765200000, 26482
8, 9770200000, 82594
9, 9775200000, 5683
10, 9777200000, 3643
11, 9795200000, 8567
12, 9796200000, 4683
13, 9805200000, 3643
14, 9809200000, 4844
15, 9810200000, 34973
16, 9815200000, 4844
17, 9817200000, 4844
18, 9821200000, 47657
19, 9830200000, 7326
20, 9831200000, 4844
1, 9832200000, 4844
2, 9837200000, 5683
3, 9845200000, 7482
4, 9851200000, 4844
5, 9859200000, 5085
6, 9863200000, 5482
7, 9865200000, 4844
8, 9870200000, 6482
9, 9875200000, 5085
10, 9877200000, 3884
11, 9895200000, 4844
12, 9896200000, 61683
13, 9905200000, 4482
14, 9909200000, 5482
15, 9910200000, 47482
16, 9915200000, 59333
17, 9917200000, 49545
18, 9921200000, 48553
19, 9930200000, 4884
20, 9931200000, 4884
1, 9932200000, 4844
2, 9937200000, 59790
4, 9951200000, 73989
5, 9959200000, 4844
6, 9963200000, 66683
7, 9965200000, 4884
8, 9970200000, 4844
9, 9975200000, 4844
10, 9977200000, 3643
11, 9995200000, 5085
12, 9996200000, 3643
13, 10005200000, 3683
14, 10009200000, 44683
15, 10010200000, 3683
16, 10015200000, 7884
17, 10017200000, 8567
18, 10021200000, 7326
19, 10030200000, 5085
20, 10031200000, 4884
2, 10037200000, 4844
3, 10045200000, 8482
4, 10051200000, 4844
5, 10059200000, 4844
6, 10063200000, 4844
7, 10065200000, 4844
8, 10070200000, 4844
9, 10075200000, 4844
10, 10077200000, 3643
11, 10095200000, 9366
12, 10096200000, 3643
13, 10105200000, 18701
14, 10109200000, 5482
15, 10110200000, 5482
16, 10115200000, 4844
18, 10121200000, 6482
19, 10130200000, 4844
20, 10131200000, 5683
