1, 126000000, 3643
2, 129000000, 4844
3, 133000000, 4844
4, 134000000, 3643
5, 135000000, 4844
6, 140000000, 4844
7, 147000000, 4844
8, 149000000, 4844
9, 150000000, 4844
10, 152000000, 4844
11, 158000000, 4844
12, 163000000, 4844
13, 167000000, 4844
14, 170000000, 4844
15, 178000000, 4844
16, 183000000, 4844
17, 187000000, 4844
18, 190000000, 3643
19, 216000000, 4844
20, 217000000, 4844
1, 226000000, 3643
2, 229000000, 4844
3, 233000000, 4844
4, 234000000, 3643
5, 235000000, 4844
6, 240000000, 4844
7, 247000000, 4844
8, 249000000, 4844
9, 250000000, 4844
10, 252000000, 4844
11, 258000000, 4844
12, 263000000, 4844
13, 267000000, 4844
14, 270000000, 4844
15, 278000000, 4844
16, 283000000, 4844
17, 287000000, 4844
18, 290000000, 3643
19, 316000000, 4844
20, 317000000, 4844
1, 326000000, 3643
2, 329000000, 4844
3, 333000000, 4844
4, 334000000, 3643
5, 335000000, 4844
6, 340000000, 4844
7, 347000000, 4844
8, 349000000, 4844
9, 350000000, 4844
10, 352000000, 4844
11, 358000000, 4844
12, 363000000, 4844
13, 367000000, 4844
14, 370000000, 4844
15, 378000000, 4844
16, 383000000, 4844
17, 387000000, 4844
18, 390000000, 3643
19, 416000000, 4844
20, 417000000, 4844
1, 426000000, 3643
2, 429000000, 4844
3, 433000000, 4844
4, 434000000, 3643
5, 435000000, 4844
6, 440000000, 4844
7, 447000000, 4844
8, 449000000, 4844
9, 450000000, 4844
10, 452000000, 4844
11, 458000000, 4844
12, 463000000, 4844
13, 467000000, 4844
14, 470000000, 4844
15, 478000000, 4844
16, 483000000, 4844
17, 487000000, 4844
18, 490000000, 3643
19, 516000000, 4844
20, 517000000, 4844
1, 526000000, 3643
2, 529000000, 4844
3, 533000000, 4844
4, 534000000, 3643
5, 535000000, 4844
6, 540000000, 4844
7, 547000000, 4844
8, 549000000, 4844
9, 550000000, 4844
10, 552000000, 4844
11, 558000000, 4844
12, 563000000, 4844
13, 567000000, 4844
14, 570000000, 4844
15, 578000000, 4844
16, 583000000, 4844
17, 587000000, 4844
18, 590000000, 3643
19, 616000000, 4844
20, 617000000, 4844
1, 626000000, 3643
2, 629000000, 4844
3, 633000000, 4844
4, 634000000, 3643
5, 635000000, 4844
6, 640000000, 4844
7, 647000000, 4844
8, 649000000, 4844
9, 650000000, 4844
10, 652000000, 4844
11, 658000000, 4844
12, 663000000, 4844
13, 667000000, 4844
14, 670000000, 4844
15, 678000000, 4844
16, 683000000, 4844
17, 687000000, 4844
18, 690000000, 3643
19, 716000000, 4844
20, 717000000, 4844
1, 726000000, 3643
2, 729000000, 4844
3, 733000000, 4844
4, 734000000, 3643
5, 735000000, 4844
6, 740000000, 4844
7, 747000000, 4844
8, 749000000, 4844
9, 750000000, 4844
10, 752000000, 4844
11, 758000000, 4844
12, 763000000, 4844
13, 767000000, 4844
14, 770000000, 4844
15, 778000000, 4844
16, 783000000, 4844
17, 787000000, 4844
18, 790000000, 3643
19, 816000000, 4844
20, 817000000, 4844
1, 826000000, 3643
2, 829000000, 4844
3, 833000000, 4844
4, 834000000, 3643
5, 835000000, 4844
6, 840000000, 4844
7, 847000000, 4844
8, 849000000, 4844
9, 850000000, 4844
10, 852000000, 4844
11, 858000000, 4844
12, 863000000, 4844
13, 867000000, 4844
14, 870000000, 4844
15, 878000000, 4844
16, 883000000, 4844
17, 887000000, 4844
18, 890000000, 3643
19, 916000000, 4844
20, 917000000, 4844
1, 926000000, 3643
2, 929000000, 4844
3, 933000000, 4844
4, 934000000, 3643
5, 935000000, 4844
6, 940000000, 4844
7, 947000000, 4844
8, 949000000, 4844
9, 950000000, 4844
10, 952000000, 4844
11, 958000000, 4844
12, 963000000, 4844
13, 967000000, 4844
14, 970000000, 4844
15, 978000000, 4844
16, 983000000, 4844
17, 987000000, 4844
18, 990000000, 3643
19, 1016000000, 4844
20, 1017000000, 4844
1, 1026000000, 3643
2, 1029000000, 4844
3, 1033000000, 4844
4, 1034000000, 6125
5, 1035000000, 4844
6, 1040000000, 4844
7, 1047000000, 7326
8, 1049000000, 7326
9, 1050000000, 4844
10, 1052000000, 4844
11, 1058000000, 4844
12, 1063000000, 7326
13, 1067000000, 4844
14, 1070000000, 4844
15, 1078000000, 4844
16, 1083000000, 4844
17, 1087000000, 4844
18, 1090000000, 3643
19, 1116000000, 4844
20, 1117000000, 4844
1, 1126000000, 3643
2, 1129000000, 4844
3, 1133000000, 4844
4, 1134000000, 6125
5, 1135000000, 4844
6, 1140000000, 4844
7, 1147000000, 4844
8, 1149000000, 4844
9, 1150000000, 4844
10, 1152000000, 7326
11, 1158000000, 4844
12, 1163000000, 4844
13, 1167000000, 4844
14, 1170000000, 4844
15, 1178000000, 4844
16, 1183000000, 4844
17, 1187000000, 4844
18, 1190000000, 3643
19, 1216000000, 4844
20, 1217000000, 7326
1, 1226000000, 6125
2, 1229000000, 4844
3, 1233000000, 7326
4, 1234000000, 3643
5, 1235000000, 4844
6, 1240000000, 4844
7, 1247000000, 4844
8, 1249000000, 4844
9, 1250000000, 4844
10, 1252000000, 4844
11, 1258000000, 4844
12, 1263000000, 4844
13, 1267000000, 4844
14, 1270000000, 4844
15, 1278000000, 7326
16, 1283000000, 4844
17, 1287000000, 4844
18, 1290000000, 6125
19, 1316000000, 4844
20, 1317000000, 4844
1, 1326000000, 3643
2, 1329000000, 4844
3, 1333000000, 4844
4, 1334000000, 3643
5, 1335000000, 4844
6, 1340000000, 4844
7, 1347000000, 4844
8, 1349000000, 4844
9, 1350000000, 4844
10, 1352000000, 4844
11, 1358000000, 4844
12, 1363000000, 7326
13, 1367000000, 4844
14, 1370000000, 4844
15, 1378000000, 4844
16, 1383000000, 4844
17, 1387000000, 4844
18, 1390000000, 3643
19, 1416000000, 4844
20, 1417000000, 4844
1, 1426000000, 3643
2, 1429000000, 4844
3, 1433000000, 4844
4, 1434000000, 3643
5, 1435000000, 4844
6, 1440000000, 4844
7, 1447000000, 4844
8, 1449000000, 4844
9, 1450000000, 4844
10, 1452000000, 4844
11, 1458000000, 4844
12, 1463000000, 4844
13, 1467000000, 4844
14, 1470000000, 4844
15, 1478000000, 4844
16, 1483000000, 4844
17, 1487000000, 7326
18, 1490000000, 6125
19, 1516000000, 4844
20, 1517000000, 4844
1, 1526000000, 6125
2, 1529000000, 7326
3, 1533000000, 4844
4, 1534000000, 6125
5, 1535000000, 4844
6, 1540000000, 7326
7, 1547000000, 4844
8, 1549000000, 4844
9, 1550000000, 4844
10, 1552000000, 4844
11, 1558000000, 4844
12, 1563000000, 4844
13, 1567000000, 7326
14, 1570000000, 4844
15, 1578000000, 4844
16, 1583000000, 4844
17, 1587000000, 4844
18, 1590000000, 3643
19, 1616000000, 4844
20, 1617000000, 4844
1, 1626000000, 3643
2, 1629000000, 4844
3, 1633000000, 4844
4, 1634000000, 3643
5, 1635000000, 4844
6, 1640000000, 4844
7, 1647000000, 4844
8, 1649000000, 4844
9, 1650000000, 4844
10, 1652000000, 4844
11, 1658000000, 4844
12, 1663000000, 4844
13, 1667000000, 4844
14, 1670000000, 4844
15, 1678000000, 4844
16, 1683000000, 4844
17, 1687000000, 4844
18, 1690000000, 3643
19, 1716000000, 4844
20, 1717000000, 4844
1, 1726000000, 3643
2, 1729000000, 4844
3, 1733000000, 4844
4, 1734000000, 3643
5, 1735000000, 7326
6, 1740000000, 4844
7, 1747000000, 4844
8, 1749000000, 7326
9, 1750000000, 4844
10, 1752000000, 4844
11, 1758000000, 4844
12, 1763000000, 7326
13, 1767000000, 4844
14, 1770000000, 4844
15, 1778000000, 4844
16, 1783000000, 4844
17, 1787000000, 7326
18, 1790000000, 6125
19, 1816000000, 7326
20, 1817000000, 4844
1, 1826000000, 3643
2, 1829000000, 4844
3, 1833000000, 7326
4, 1834000000, 6125
5, 1835000000, 4844
6, 1840000000, 7326
7, 1847000000, 4844
8, 1849000000, 4844
9, 1850000000, 4844
10, 1852000000, 4844
11, 1858000000, 4844
12, 1863000000, 4844
13, 1867000000, 4844
14, 1870000000, 4844
15, 1878000000, 4844
16, 1883000000, 7326
17, 1887000000, 4844
18, 1890000000, 3643
19, 1916000000, 4844
20, 1917000000, 4844
1, 1926000000, 3643
2, 1929000000, 4844
3, 1933000000, 4844
4, 1934000000, 3643
5, 1935000000, 4844
6, 1940000000, 4844
7, 1947000000, 4844
8, 1949000000, 4844
9, 1950000000, 4844
10, 1952000000, 4844
11, 1958000000, 4844
12, 1963000000, 4844
13, 1967000000, 4844
14, 1970000000, 7326
15, 1978000000, 4844
16, 1983000000, 7326
17, 1987000000, 4844
18, 1990000000, 3643
19, 2016000000, 4844
20, 2017000000, 4844
1, 2026000000, 3643
2, 2029000000, 4844
3, 2033000000, 4844
4, 2034000000, 6125
5, 2035000000, 4844
6, 2040000000, 4844
7, 2047000000, 7326
8, 2049000000, 7326
9, 2050000000, 4844
10, 2052000000, 4844
11, 2058000000, 4844
12, 2063000000, 7326
13, 2067000000, 4844
14, 2070000000, 4844
15, 2078000000, 4844
16, 2083000000, 4844
17, 2087000000, 4844
18, 2090000000, 3643
19, 2116000000, 4844
20, 2117000000, 4844
1, 2126000000, 3643
2, 2129000000, 4844
3, 2133000000, 4844
4, 2134000000, 6125
5, 2135000000, 4844
6, 2140000000, 4844
7, 2147000000, 4844
8, 2149000000, 4844
9, 2150000000, 4844
10, 2152000000, 7326
11, 2158000000, 4844
12, 2163000000, 4844
13, 2167000000, 4844
14, 2170000000, 4844
15, 2178000000, 4844
16, 2183000000, 4844
17, 2187000000, 4844
18, 2190000000, 3643
19, 2216000000, 4844
20, 2217000000, 7326
1, 2226000000, 6125
2, 2229000000, 4844
3, 2233000000, 7326
4, 2234000000, 3643
5, 2235000000, 4844
6, 2240000000, 4844
7, 2247000000, 4844
8, 2249000000, 4844
9, 2250000000, 4844
10, 2252000000, 4844
11, 2258000000, 4844
12, 2263000000, 4844
13, 2267000000, 4844
14, 2270000000, 4844
15, 2278000000, 7326
16, 2283000000, 4844
17, 2287000000, 4844
18, 2290000000, 6125
19, 2316000000, 4844
20, 2317000000, 4844
1, 2326000000, 3643
2, 2329000000, 4844
3, 2333000000, 4844
4, 2334000000, 3643
5, 2335000000, 4844
6, 2340000000, 4844
7, 2347000000, 4844
8, 2349000000, 4844
9, 2350000000, 4844
10, 2352000000, 4844
11, 2358000000, 4844
12, 2363000000, 7326
13, 2367000000, 4844
14, 2370000000, 4844
15, 2378000000, 4844
16, 2383000000, 4844
17, 2387000000, 4844
18, 2390000000, 3643
19, 2416000000, 4844
20, 2417000000, 4844
1, 2426000000, 3643
2, 2429000000, 4844
3, 2433000000, 4844
4, 2434000000, 3643
5, 2435000000, 4844
6, 2440000000, 4844
7, 2447000000, 4844
8, 2449000000, 4844
9, 2450000000, 4844
10, 2452000000, 4844
11, 2458000000, 4844
12, 2463000000, 4844
13, 2467000000, 4844
14, 2470000000, 4844
15, 2478000000, 4844
16, 2483000000, 4844
17, 2487000000, 7326
18, 2490000000, 6125
19, 2516000000, 4844
20, 2517000000, 4844
1, 2526000000, 6125
2, 2529000000, 7326
3, 2533000000, 4844
4, 2534000000, 6125
5, 2535000000, 4844
6, 2540000000, 7326
7, 2547000000, 4844
8, 2549000000, 4844
9, 2550000000, 4844
10, 2552000000, 4844
11, 2558000000, 4844
12, 2563000000, 4844
13, 2567000000, 7326
14, 2570000000, 4844
15, 2578000000, 4844
16, 2583000000, 4844
17, 2587000000, 4844
18, 2590000000, 3643
19, 2616000000, 4844
20, 2617000000, 4844
1, 2626000000, 3643
2, 2629000000, 4844
3, 2633000000, 4844
4, 2634000000, 3643
5, 2635000000, 4844
6, 2640000000, 4844
7, 2647000000, 4844
8, 2649000000, 4844
9, 2650000000, 4844
10, 2652000000, 4844
11, 2658000000, 4844
12, 2663000000, 4844
13, 2667000000, 4844
14, 2670000000, 4844
15, 2678000000, 4844
16, 2683000000, 4844
17, 2687000000, 4844
18, 2690000000, 3643
19, 2716000000, 4844
20, 2717000000, 4844
1, 2726000000, 3643
2, 2729000000, 4844
3, 2733000000, 4844
4, 2734000000, 3643
5, 2735000000, 7326
6, 2740000000, 4844
7, 2747000000, 4844
8, 2749000000, 7326
9, 2750000000, 4844
10, 2752000000, 4844
11, 2758000000, 4844
12, 2763000000, 7326
13, 2767000000, 4844
14, 2770000000, 4844
15, 2778000000, 4844
16, 2783000000, 4844
17, 2787000000, 7326
18, 2790000000, 6125
19, 2816000000, 7326
20, 2817000000, 4844
1, 2826000000, 3643
2, 2829000000, 4844
3, 2833000000, 7326
4, 2834000000, 6125
5, 2835000000, 4844
6, 2840000000, 7326
7, 2847000000, 4844
8, 2849000000, 4844
9, 2850000000, 4844
10, 2852000000, 4844
11, 2858000000, 4844
12, 2863000000, 4844
13, 2867000000, 4844
14, 2870000000, 4844
15, 2878000000, 4844
16, 2883000000, 7326
17, 2887000000, 4844
18, 2890000000, 3643
19, 2916000000, 4844
20, 2917000000, 4844
1, 2926000000, 3643
2, 2929000000, 4844
3, 2933000000, 4844
4, 2934000000, 3643
5, 2935000000, 4844
6, 2940000000, 4844
7, 2947000000, 4844
8, 2949000000, 4844
9, 2950000000, 4844
10, 2952000000, 4844
11, 2958000000, 4844
12, 2963000000, 4844
13, 2967000000, 4844
14, 2970000000, 7326
15, 2978000000, 4844
16, 2983000000, 7326
17, 2987000000, 4844
18, 2990000000, 3643
19, 3016000000, 4844
20, 3017000000, 4844
1, 3026000000, 3643
2, 3029000000, 4844
3, 3033000000, 4844
4, 3034000000, 6125
5, 3035000000, 4844
6, 3040000000, 4844
7, 3047000000, 7326
8, 3049000000, 7326
9, 3050000000, 4844
10, 3052000000, 4844
11, 3058000000, 4844
12, 3063000000, 7326
13, 3067000000, 4844
14, 3070000000, 4844
15, 3078000000, 4844
16, 3083000000, 4844
17, 3087000000, 4844
18, 3090000000, 3643
19, 3116000000, 4844
20, 3117000000, 4844
1, 3126000000, 3643
2, 3129000000, 4844
3, 3133000000, 4844
4, 3134000000, 6125
5, 3135000000, 4844
6, 3140000000, 4844
7, 3147000000, 4844
8, 3149000000, 4844
9, 3150000000, 4844
10, 3152000000, 7326
11, 3158000000, 4844
12, 3163000000, 4844
13, 3167000000, 4844
14, 3170000000, 4844
15, 3178000000, 4844
16, 3183000000, 4844
17, 3187000000, 4844
18, 3190000000, 3643
19, 3216000000, 4844
20, 3217000000, 7326
1, 3226000000, 6125
2, 3229000000, 4844
3, 3233000000, 7326
4, 3234000000, 3643
5, 3235000000, 4844
6, 3240000000, 4844
7, 3247000000, 4844
8, 3249000000, 4844
9, 3250000000, 4844
10, 3252000000, 4844
11, 3258000000, 4844
12, 3263000000, 4844
13, 3267000000, 4844
14, 3270000000, 4844
15, 3278000000, 7326
16, 3283000000, 4844
17, 3287000000, 4844
18, 3290000000, 6125
19, 3316000000, 4844
20, 3317000000, 4844
1, 3326000000, 3643
2, 3329000000, 4844
3, 3333000000, 4844
4, 3334000000, 3643
5, 3335000000, 4844
6, 3340000000, 4844
7, 3347000000, 4844
8, 3349000000, 4844
9, 3350000000, 4844
10, 3352000000, 4844
11, 3358000000, 4844
12, 3363000000, 7326
13, 3367000000, 4844
14, 3370000000, 4844
15, 3378000000, 4844
16, 3383000000, 4844
17, 3387000000, 4844
18, 3390000000, 3643
19, 3416000000, 4844
20, 3417000000, 4844
1, 3426000000, 3643
2, 3429000000, 4844
3, 3433000000, 4844
4, 3434000000, 3643
5, 3435000000, 4844
6, 3440000000, 4844
7, 3447000000, 4844
8, 3449000000, 4844
9, 3450000000, 4844
10, 3452000000, 4844
11, 3458000000, 4844
12, 3463000000, 4844
13, 3467000000, 4844
14, 3470000000, 4844
15, 3478000000, 4844
16, 3483000000, 4844
17, 3487000000, 7326
18, 3490000000, 6125
19, 3516000000, 4844
20, 3517000000, 4844
1, 3526000000, 6125
2, 3529000000, 7326
3, 3533000000, 4844
4, 3534000000, 6125
5, 3535000000, 4844
6, 3540000000, 7326
7, 3547000000, 4844
8, 3549000000, 4844
9, 3550000000, 4844
10, 3552000000, 4844
11, 3558000000, 4844
12, 3563000000, 4844
13, 3567000000, 7326
14, 3570000000, 4844
15, 3578000000, 4844
16, 3583000000, 4844
17, 3587000000, 4844
18, 3590000000, 3643
19, 3616000000, 4844
20, 3617000000, 4844
1, 3626000000, 3643
2, 3629000000, 4844
3, 3633000000, 4844
4, 3634000000, 3643
5, 3635000000, 4844
6, 3640000000, 4844
7, 3647000000, 4844
8, 3649000000, 4844
9, 3650000000, 4844
10, 3652000000, 4844
11, 3658000000, 4844
12, 3663000000, 4844
13, 3667000000, 4844
14, 3670000000, 4844
15, 3678000000, 4844
16, 3683000000, 4844
17, 3687000000, 4844
18, 3690000000, 3643
19, 3716000000, 4844
20, 3717000000, 4844
1, 3726000000, 3643
2, 3729000000, 4844
3, 3733000000, 4844
4, 3734000000, 3643
5, 3735000000, 7326
6, 3740000000, 4844
7, 3747000000, 4844
8, 3749000000, 7326
9, 3750000000, 4844
10, 3752000000, 4844
11, 3758000000, 4844
12, 3763000000, 7326
13, 3767000000, 4844
14, 3770000000, 4844
15, 3778000000, 4844
16, 3783000000, 4844
17, 3787000000, 7326
18, 3790000000, 6125
19, 3816000000, 7326
20, 3817000000, 4844
1, 3826000000, 3643
2, 3829000000, 4844
3, 3833000000, 7326
4, 3834000000, 6125
5, 3835000000, 4844
6, 3840000000, 7326
7, 3847000000, 4844
8, 3849000000, 4844
9, 3850000000, 4844
10, 3852000000, 4844
11, 3858000000, 4844
12, 3863000000, 4844
13, 3867000000, 4844
14, 3870000000, 4844
15, 3878000000, 4844
16, 3883000000, 7326
17, 3887000000, 4844
18, 3890000000, 3643
19, 3916000000, 4844
20, 3917000000, 4844
1, 3926000000, 3643
2, 3929000000, 4844
3, 3933000000, 4844
4, 3934000000, 3643
5, 3935000000, 4844
6, 3940000000, 4844
7, 3947000000, 4844
8, 3949000000, 4844
9, 3950000000, 4844
10, 3952000000, 4844
11, 3958000000, 4844
12, 3963000000, 4844
13, 3967000000, 4844
14, 3970000000, 7326
15, 3978000000, 4844
16, 3983000000, 7326
17, 3987000000, 4844
18, 3990000000, 3643
19, 4016000000, 4844
20, 4017000000, 4844
1, 4026000000, 3643
2, 4029000000, 4844
3, 4033000000, 4844
4, 4034000000, 6125
5, 4035000000, 4844
6, 4040000000, 4844
7, 4047000000, 7326
8, 4049000000, 7326
9, 4050000000, 4844
10, 4052000000, 4844
11, 4058000000, 4844
12, 4063000000, 7326
13, 4067000000, 4844
14, 4070000000, 4844
15, 4078000000, 4844
16, 4083000000, 4844
17, 4087000000, 4844
18, 4090000000, 3643
19, 4116000000, 4844
20, 4117000000, 4844
1, 4126000000, 3643
2, 4129000000, 4844
3, 4133000000, 4844
4, 4134000000, 6125
5, 4135000000, 4844
6, 4140000000, 4844
7, 4147000000, 4844
8, 4149000000, 4844
9, 4150000000, 4844
10, 4152000000, 7326
11, 4158000000, 4844
12, 4163000000, 4844
13, 4167000000, 4844
14, 4170000000, 4844
15, 4178000000, 4844
16, 4183000000, 4844
17, 4187000000, 4844
18, 4190000000, 3643
19, 4216000000, 4844
20, 4217000000, 7326
1, 4226000000, 6125
2, 4229000000, 4844
3, 4233000000, 7326
4, 4234000000, 3643
5, 4235000000, 4844
6, 4240000000, 4844
7, 4247000000, 4844
8, 4249000000, 4844
9, 4250000000, 4844
10, 4252000000, 4844
11, 4258000000, 4844
12, 4263000000, 4844
13, 4267000000, 4844
14, 4270000000, 4844
15, 4278000000, 7326
16, 4283000000, 4844
17, 4287000000, 4844
18, 4290000000, 6125
19, 4316000000, 4844
20, 4317000000, 4844
1, 4326000000, 3643
2, 4329000000, 4844
3, 4333000000, 4844
4, 4334000000, 3643
5, 4335000000, 4844
6, 4340000000, 4844
7, 4347000000, 4844
8, 4349000000, 4844
9, 4350000000, 4844
10, 4352000000, 4844
11, 4358000000, 4844
12, 4363000000, 7326
13, 4367000000, 4844
14, 4370000000, 4844
15, 4378000000, 4844
16, 4383000000, 4844
17, 4387000000, 4844
18, 4390000000, 3643
19, 4416000000, 4844
20, 4417000000, 4844
1, 4426000000, 3643
2, 4429000000, 4844
3, 4433000000, 4844
4, 4434000000, 3643
5, 4435000000, 4844
6, 4440000000, 4844
7, 4447000000, 4844
8, 4449000000, 4844
9, 4450000000, 4844
10, 4452000000, 4844
11, 4458000000, 4844
12, 4463000000, 4844
13, 4467000000, 4844
14, 4470000000, 4844
15, 4478000000, 4844
16, 4483000000, 4844
17, 4487000000, 7326
18, 4490000000, 6125
19, 4516000000, 4844
20, 4517000000, 4844
1, 4526000000, 6125
2, 4529000000, 7326
3, 4533000000, 4844
4, 4534000000, 6125
5, 4535000000, 4844
6, 4540000000, 7326
7, 4547000000, 4844
8, 4549000000, 4844
9, 4550000000, 4844
10, 4552000000, 4844
11, 4558000000, 4844
12, 4563000000, 4844
13, 4567000000, 7326
14, 4570000000, 4844
15, 4578000000, 4844
16, 4583000000, 4844
17, 4587000000, 4844
18, 4590000000, 3643
19, 4616000000, 4844
20, 4617000000, 4844
1, 4626000000, 3643
2, 4629000000, 4844
3, 4633000000, 4844
4, 4634000000, 3643
5, 4635000000, 4844
6, 4640000000, 4844
7, 4647000000, 4844
8, 4649000000, 4844
9, 4650000000, 4844
10, 4652000000, 4844
11, 4658000000, 4844
12, 4663000000, 4844
13, 4667000000, 4844
14, 4670000000, 4844
15, 4678000000, 4844
16, 4683000000, 4844
17, 4687000000, 4844
18, 4690000000, 3643
19, 4716000000, 4844
20, 4717000000, 4844
1, 4726000000, 3643
2, 4729000000, 4844
3, 4733000000, 4844
4, 4734000000, 3643
5, 4735000000, 7326
6, 4740000000, 4844
7, 4747000000, 4844
8, 4749000000, 7326
9, 4750000000, 4844
10, 4752000000, 4844
11, 4758000000, 4844
12, 4763000000, 7326
13, 4767000000, 4844
14, 4770000000, 4844
15, 4778000000, 4844
16, 4783000000, 4844
17, 4787000000, 7326
18, 4790000000, 6125
19, 4816000000, 7326
20, 4817000000, 4844
1, 4826000000, 3643
2, 4829000000, 4844
3, 4833000000, 7326
4, 4834000000, 6125
5, 4835000000, 4844
6, 4840000000, 7326
7, 4847000000, 4844
8, 4849000000, 4844
9, 4850000000, 4844
10, 4852000000, 4844
11, 4858000000, 4844
12, 4863000000, 4844
13, 4867000000, 4844
14, 4870000000, 4844
15, 4878000000, 4844
16, 4883000000, 7326
17, 4887000000, 4844
18, 4890000000, 3643
19, 4916000000, 4844
20, 4917000000, 4844
1, 4926000000, 3643
2, 4929000000, 4844
3, 4933000000, 4844
4, 4934000000, 3643
5, 4935000000, 4844
6, 4940000000, 4844
7, 4947000000, 4844
8, 4949000000, 4844
9, 4950000000, 4844
10, 4952000000, 4844
11, 4958000000, 4844
12, 4963000000, 4844
13, 4967000000, 4844
14, 4970000000, 7326
15, 4978000000, 4844
16, 4983000000, 7326
17, 4987000000, 4844
18, 4990000000, 3643
19, 5016000000, 4844
20, 5017000000, 4844
1, 5026000000, 3643
2, 5029000000, 4844
3, 5033000000, 4844
4, 5034000000, 6125
5, 5035000000, 4844
6, 5040000000, 4844
7, 5047000000, 7326
8, 5049000000, 7326
9, 5050000000, 4844
10, 5052000000, 4844
11, 5058000000, 4844
12, 5063000000, 7326
13, 5067000000, 4844
14, 5070000000, 4844
15, 5078000000, 4844
16, 5083000000, 4844
17, 5087000000, 4844
18, 5090000000, 3643
19, 5116000000, 4844
20, 5117000000, 4844
1, 5126000000, 3643
2, 5129000000, 4844
3, 5133000000, 4844
4, 5134000000, 6125
5, 5135000000, 4844
6, 5140000000, 4844
7, 5147000000, 4844
8, 5149000000, 4844
9, 5150000000, 4844
10, 5152000000, 7326
11, 5158000000, 4844
12, 5163000000, 4844
13, 5167000000, 4844
14, 5170000000, 4844
15, 5178000000, 4844
16, 5183000000, 4844
17, 5187000000, 4844
18, 5190000000, 3643
19, 5216000000, 4844
20, 5217000000, 7326
1, 5226000000, 6125
2, 5229000000, 4844
3, 5233000000, 7326
4, 5234000000, 3643
5, 5235000000, 4844
6, 5240000000, 4844
7, 5247000000, 4844
8, 5249000000, 4844
9, 5250000000, 4844
10, 5252000000, 4844
11, 5258000000, 4844
12, 5263000000, 4844
13, 5267000000, 4844
14, 5270000000, 4844
15, 5278000000, 7326
16, 5283000000, 4844
17, 5287000000, 4844
18, 5290000000, 6125
19, 5316000000, 4844
20, 5317000000, 4844
1, 5326000000, 3643
2, 5329000000, 4844
3, 5333000000, 4844
4, 5334000000, 3643
5, 5335000000, 4844
6, 5340000000, 4844
7, 5347000000, 4844
8, 5349000000, 4844
9, 5350000000, 4844
10, 5352000000, 4844
11, 5358000000, 4844
12, 5363000000, 7326
13, 5367000000, 4844
14, 5370000000, 4844
15, 5378000000, 4844
16, 5383000000, 4844
17, 5387000000, 4844
18, 5390000000, 3643
19, 5416000000, 4844
20, 5417000000, 4844
1, 5426000000, 3643
2, 5429000000, 4844
3, 5433000000, 4844
4, 5434000000, 3643
5, 5435000000, 4844
6, 5440000000, 4844
7, 5447000000, 4844
8, 5449000000, 4844
9, 5450000000, 4844
10, 5452000000, 4844
11, 5458000000, 4844
12, 5463000000, 4844
13, 5467000000, 4844
14, 5470000000, 4844
15, 5478000000, 4844
16, 5483000000, 4844
17, 5487000000, 7326
18, 5490000000, 6125
19, 5516000000, 4844
20, 5517000000, 4844
1, 5526000000, 6125
2, 5529000000, 7326
3, 5533000000, 4844
4, 5534000000, 6125
5, 5535000000, 4844
6, 5540000000, 7326
7, 5547000000, 4844
8, 5549000000, 4844
9, 5550000000, 4844
10, 5552000000, 4844
11, 5558000000, 4844
12, 5563000000, 4844
13, 5567000000, 7326
14, 5570000000, 4844
15, 5578000000, 4844
16, 5583000000, 4844
17, 5587000000, 4844
18, 5590000000, 3643
19, 5616000000, 4844
20, 5617000000, 4844
1, 5626000000, 3643
2, 5629000000, 4844
3, 5633000000, 4844
4, 5634000000, 3643
5, 5635000000, 4844
6, 5640000000, 4844
7, 5647000000, 4844
8, 5649000000, 4844
9, 5650000000, 4844
10, 5652000000, 4844
11, 5658000000, 4844
12, 5663000000, 4844
13, 5667000000, 4844
14, 5670000000, 4844
15, 5678000000, 4844
16, 5683000000, 4844
17, 5687000000, 4844
18, 5690000000, 3643
19, 5716000000, 4844
20, 5717000000, 4844
1, 5726000000, 3643
2, 5729000000, 4844
3, 5733000000, 4844
4, 5734000000, 3643
5, 5735000000, 7326
6, 5740000000, 4844
7, 5747000000, 4844
8, 5749000000, 7326
9, 5750000000, 4844
10, 5752000000, 4844
11, 5758000000, 4844
12, 5763000000, 7326
13, 5767000000, 4844
14, 5770000000, 4844
15, 5778000000, 4844
16, 5783000000, 4844
17, 5787000000, 7326
18, 5790000000, 6125
19, 5816000000, 7326
20, 5817000000, 4844
1, 5826000000, 3643
2, 5829000000, 4844
3, 5833000000, 7326
4, 5834000000, 6125
5, 5835000000, 4844
6, 5840000000, 7326
7, 5847000000, 4844
8, 5849000000, 4844
9, 5850000000, 4844
10, 5852000000, 4844
11, 5858000000, 4844
12, 5863000000, 4844
13, 5867000000, 4844
14, 5870000000, 4844
15, 5878000000, 4844
16, 5883000000, 7326
17, 5887000000, 4844
18, 5890000000, 3643
19, 5916000000, 4844
20, 5917000000, 4844
1, 5926000000, 3643
2, 5929000000, 4844
3, 5933000000, 4844
4, 5934000000, 3643
5, 5935000000, 4844
6, 5940000000, 4844
7, 5947000000, 4844
8, 5949000000, 4844
9, 5950000000, 4844
10, 5952000000, 4844
11, 5958000000, 4844
12, 5963000000, 4844
13, 5967000000, 4844
14, 5970000000, 7326
15, 5978000000, 4844
16, 5983000000, 7326
17, 5987000000, 4844
18, 5990000000, 3643
19, 6016000000, 4844
20, 6017000000, 4844
1, 6026000000, 3643
2, 6029000000, 4844
3, 6033000000, 4844
4, 6034000000, 6125
5, 6035000000, 4844
6, 6040000000, 4844
7, 6047000000, 7326
8, 6049000000, 7326
9, 6050000000, 4844
10, 6052000000, 4844
11, 6058000000, 4844
12, 6063000000, 7326
13, 6067000000, 4844
14, 6070000000, 4844
15, 6078000000, 4844
16, 6083000000, 4844
17, 6087000000, 4844
18, 6090000000, 3643
19, 6116000000, 4844
20, 6117000000, 4844
1, 6126000000, 3643
2, 6129000000, 4844
3, 6133000000, 4844
4, 6134000000, 6125
5, 6135000000, 4844
6, 6140000000, 4844
7, 6147000000, 4844
8, 6149000000, 4844
9, 6150000000, 4844
10, 6152000000, 7326
11, 6158000000, 4844
12, 6163000000, 4844
13, 6167000000, 4844
14, 6170000000, 4844
15, 6178000000, 4844
16, 6183000000, 4844
17, 6187000000, 4844
18, 6190000000, 3643
19, 6216000000, 4844
20, 6217000000, 7326
1, 6226000000, 6125
2, 6229000000, 4844
3, 6233000000, 7326
4, 6234000000, 3643
5, 6235000000, 4844
6, 6240000000, 4844
7, 6247000000, 4844
8, 6249000000, 4844
9, 6250000000, 4844
10, 6252000000, 4844
11, 6258000000, 4844
12, 6263000000, 4844
13, 6267000000, 4844
14, 6270000000, 4844
15, 6278000000, 7326
16, 6283000000, 4844
17, 6287000000, 4844
18, 6290000000, 6125
19, 6316000000, 4844
20, 6317000000, 4844
1, 6326000000, 3643
2, 6329000000, 4844
3, 6333000000, 4844
4, 6334000000, 3643
5, 6335000000, 4844
6, 6340000000, 4844
7, 6347000000, 4844
8, 6349000000, 4844
9, 6350000000, 4844
10, 6352000000, 4844
11, 6358000000, 4844
12, 6363000000, 7326
13, 6367000000, 4844
14, 6370000000, 4844
15, 6378000000, 4844
16, 6383000000, 4844
17, 6387000000, 4844
18, 6390000000, 3643
19, 6416000000, 4844
20, 6417000000, 4844
1, 6426000000, 3643
2, 6429000000, 4844
3, 6433000000, 4844
4, 6434000000, 3643
5, 6435000000, 4844
6, 6440000000, 4844
7, 6447000000, 4844
8, 6449000000, 4844
9, 6450000000, 4844
10, 6452000000, 4844
11, 6458000000, 4844
12, 6463000000, 4844
13, 6467000000, 4844
14, 6470000000, 4844
15, 6478000000, 4844
16, 6483000000, 4844
17, 6487000000, 7326
18, 6490000000, 6125
19, 6516000000, 4844
20, 6517000000, 4844
1, 6526000000, 6125
2, 6529000000, 7326
3, 6533000000, 4844
4, 6534000000, 6125
5, 6535000000, 4844
6, 6540000000, 7326
7, 6547000000, 4844
8, 6549000000, 4844
9, 6550000000, 4844
10, 6552000000, 4844
11, 6558000000, 4844
12, 6563000000, 4844
13, 6567000000, 7326
14, 6570000000, 4844
15, 6578000000, 4844
16, 6583000000, 4844
17, 6587000000, 4844
18, 6590000000, 3643
19, 6616000000, 4844
20, 6617000000, 4844
1, 6626000000, 3643
2, 6629000000, 4844
3, 6633000000, 4844
4, 6634000000, 3643
5, 6635000000, 4844
6, 6640000000, 4844
7, 6647000000, 4844
8, 6649000000, 4844
9, 6650000000, 4844
10, 6652000000, 4844
11, 6658000000, 4844
12, 6663000000, 4844
13, 6667000000, 4844
14, 6670000000, 4844
15, 6678000000, 4844
16, 6683000000, 4844
17, 6687000000, 4844
18, 6690000000, 3643
19, 6716000000, 4844
20, 6717000000, 4844
1, 6726000000, 3643
2, 6729000000, 4844
3, 6733000000, 4844
4, 6734000000, 3643
5, 6735000000, 7326
6, 6740000000, 4844
7, 6747000000, 4844
8, 6749000000, 7326
9, 6750000000, 4844
10, 6752000000, 4844
11, 6758000000, 4844
12, 6763000000, 7326
13, 6767000000, 4844
14, 6770000000, 4844
15, 6778000000, 4844
16, 6783000000, 4844
17, 6787000000, 7326
18, 6790000000, 6125
19, 6816000000, 7326
20, 6817000000, 4844
1, 6826000000, 3643
2, 6829000000, 4844
3, 6833000000, 7326
4, 6834000000, 6125
5, 6835000000, 4844
6, 6840000000, 7326
7, 6847000000, 4844
8, 6849000000, 4844
9, 6850000000, 4844
10, 6852000000, 4844
11, 6858000000, 4844
12, 6863000000, 4844
13, 6867000000, 4844
14, 6870000000, 4844
15, 6878000000, 4844
16, 6883000000, 7326
17, 6887000000, 4844
18, 6890000000, 3643
19, 6916000000, 4844
20, 6917000000, 4844
1, 6926000000, 3643
2, 6929000000, 4844
3, 6933000000, 4844
4, 6934000000, 3643
5, 6935000000, 4844
6, 6940000000, 4844
7, 6947000000, 4844
8, 6949000000, 4844
9, 6950000000, 4844
10, 6952000000, 4844
11, 6958000000, 4844
12, 6963000000, 4844
13, 6967000000, 4844
14, 6970000000, 7326
15, 6978000000, 4844
16, 6983000000, 7326
17, 6987000000, 4844
18, 6990000000, 3643
19, 7016000000, 4844
20, 7017000000, 4844
1, 7026000000, 3643
2, 7029000000, 4844
3, 7033000000, 4844
4, 7034000000, 6125
5, 7035000000, 4844
6, 7040000000, 4844
7, 7047000000, 7326
8, 7049000000, 7326
9, 7050000000, 4844
10, 7052000000, 4844
11, 7058000000, 4844
12, 7063000000, 7326
13, 7067000000, 4844
14, 7070000000, 4844
15, 7078000000, 4844
16, 7083000000, 4844
17, 7087000000, 4844
18, 7090000000, 3643
19, 7116000000, 4844
20, 7117000000, 4844
1, 7126000000, 3643
2, 7129000000, 4844
3, 7133000000, 4844
4, 7134000000, 6125
5, 7135000000, 4844
6, 7140000000, 4844
7, 7147000000, 4844
8, 7149000000, 4844
9, 7150000000, 4844
10, 7152000000, 7326
11, 7158000000, 4844
12, 7163000000, 4844
13, 7167000000, 4844
14, 7170000000, 4844
15, 7178000000, 4844
16, 7183000000, 4844
17, 7187000000, 4844
18, 7190000000, 3643
19, 7216000000, 4844
20, 7217000000, 7326
1, 7226000000, 6125
2, 7229000000, 4844
3, 7233000000, 7326
4, 7234000000, 3643
5, 7235000000, 4844
6, 7240000000, 4844
7, 7247000000, 4844
8, 7249000000, 4844
9, 7250000000, 4844
10, 7252000000, 4844
11, 7258000000, 4844
12, 7263000000, 4844
13, 7267000000, 4844
14, 7270000000, 4844
15, 7278000000, 7326
16, 7283000000, 4844
17, 7287000000, 4844
18, 7290000000, 6125
19, 7316000000, 4844
20, 7317000000, 4844
1, 7326000000, 3643
2, 7329000000, 4844
3, 7333000000, 4844
4, 7334000000, 3643
5, 7335000000, 4844
6, 7340000000, 4844
7, 7347000000, 4844
8, 7349000000, 4844
9, 7350000000, 4844
10, 7352000000, 4844
11, 7358000000, 4844
12, 7363000000, 7326
13, 7367000000, 4844
14, 7370000000, 4844
15, 7378000000, 4844
16, 7383000000, 4844
17, 7387000000, 4844
18, 7390000000, 3643
19, 7416000000, 4844
20, 7417000000, 4844
1, 7426000000, 3643
2, 7429000000, 4844
3, 7433000000, 4844
4, 7434000000, 3643
5, 7435000000, 4844
6, 7440000000, 4844
7, 7447000000, 4844
8, 7449000000, 4844
9, 7450000000, 4844
10, 7452000000, 4844
11, 7458000000, 4844
12, 7463000000, 4844
13, 7467000000, 4844
14, 7470000000, 4844
15, 7478000000, 4844
16, 7483000000, 4844
17, 7487000000, 7326
18, 7490000000, 6125
19, 7516000000, 4844
20, 7517000000, 4844
1, 7526000000, 6125
2, 7529000000, 7326
3, 7533000000, 4844
4, 7534000000, 6125
5, 7535000000, 4844
6, 7540000000, 7326
7, 7547000000, 4844
8, 7549000000, 4844
9, 7550000000, 4844
10, 7552000000, 4844
11, 7558000000, 4844
12, 7563000000, 4844
13, 7567000000, 7326
14, 7570000000, 4844
15, 7578000000, 4844
16, 7583000000, 4844
17, 7587000000, 4844
18, 7590000000, 3643
19, 7616000000, 4844
20, 7617000000, 4844
1, 7626000000, 3643
2, 7629000000, 4844
3, 7633000000, 4844
4, 7634000000, 3643
5, 7635000000, 4844
6, 7640000000, 4844
7, 7647000000, 4844
8, 7649000000, 4844
9, 7650000000, 4844
10, 7652000000, 4844
11, 7658000000, 4844
12, 7663000000, 4844
13, 7667000000, 4844
14, 7670000000, 4844
15, 7678000000, 4844
16, 7683000000, 4844
17, 7687000000, 4844
18, 7690000000, 3643
19, 7716000000, 4844
20, 7717000000, 4844
1, 7726000000, 3643
2, 7729000000, 4844
3, 7733000000, 4844
4, 7734000000, 3643
5, 7735000000, 7326
6, 7740000000, 4844
7, 7747000000, 4844
8, 7749000000, 7326
9, 7750000000, 4844
10, 7752000000, 4844
11, 7758000000, 4844
12, 7763000000, 7326
13, 7767000000, 4844
14, 7770000000, 4844
15, 7778000000, 4844
16, 7783000000, 4844
17, 7787000000, 7326
18, 7790000000, 6125
19, 7816000000, 7326
20, 7817000000, 4844
1, 7826000000, 3643
2, 7829000000, 4844
3, 7833000000, 7326
4, 7834000000, 6125
5, 7835000000, 4844
6, 7840000000, 7326
7, 7847000000, 4844
8, 7849000000, 4844
9, 7850000000, 4844
10, 7852000000, 4844
11, 7858000000, 4844
12, 7863000000, 4844
13, 7867000000, 4844
14, 7870000000, 4844
15, 7878000000, 4844
16, 7883000000, 7326
17, 7887000000, 4844
18, 7890000000, 3643
19, 7916000000, 4844
20, 7917000000, 4844
1, 7926000000, 3643
2, 7929000000, 4844
3, 7933000000, 4844
4, 7934000000, 3643
5, 7935000000, 4844
6, 7940000000, 4844
7, 7947000000, 4844
8, 7949000000, 4844
9, 7950000000, 4844
10, 7952000000, 4844
11, 7958000000, 4844
12, 7963000000, 4844
13, 7967000000, 4844
14, 7970000000, 7326
15, 7978000000, 4844
16, 7983000000, 7326
17, 7987000000, 4844
18, 7990000000, 3643
19, 8016000000, 4844
20, 8017000000, 4844
1, 8026000000, 3643
2, 8029000000, 4844
3, 8033000000, 4844
4, 8034000000, 6125
5, 8035000000, 4844
6, 8040000000, 4844
7, 8047000000, 7326
8, 8049000000, 7326
9, 8050000000, 4844
10, 8052000000, 4844
11, 8058000000, 4844
12, 8063000000, 7326
13, 8067000000, 4844
14, 8070000000, 4844
15, 8078000000, 4844
16, 8083000000, 4844
17, 8087000000, 4844
18, 8090000000, 3643
19, 8116000000, 4844
20, 8117000000, 4844
1, 8126000000, 3643
2, 8129000000, 4844
3, 8133000000, 4844
4, 8134000000, 6125
5, 8135000000, 4844
6, 8140000000, 4844
7, 8147000000, 4844
8, 8149000000, 4844
9, 8150000000, 4844
10, 8152000000, 7326
11, 8158000000, 4844
12, 8163000000, 4844
13, 8167000000, 4844
14, 8170000000, 4844
15, 8178000000, 4844
16, 8183000000, 4844
17, 8187000000, 4844
18, 8190000000, 3643
19, 8216000000, 4844
20, 8217000000, 7326
1, 8226000000, 6125
2, 8229000000, 4844
3, 8233000000, 7326
4, 8234000000, 3643
5, 8235000000, 4844
6, 8240000000, 4844
7, 8247000000, 4844
8, 8249000000, 4844
9, 8250000000, 4844
10, 8252000000, 4844
11, 8258000000, 4844
12, 8263000000, 4844
13, 8267000000, 4844
14, 8270000000, 4844
15, 8278000000, 7326
16, 8283000000, 4844
17, 8287000000, 4844
18, 8290000000, 6125
19, 8316000000, 4844
20, 8317000000, 4844
1, 8326000000, 3643
2, 8329000000, 4844
3, 8333000000, 4844
4, 8334000000, 3643
5, 8335000000, 4844
6, 8340000000, 4844
7, 8347000000, 4844
8, 8349000000, 4844
9, 8350000000, 4844
10, 8352000000, 4844
11, 8358000000, 4844
12, 8363000000, 7326
13, 8367000000, 4844
14, 8370000000, 4844
15, 8378000000, 4844
16, 8383000000, 4844
17, 8387000000, 4844
18, 8390000000, 3643
19, 8416000000, 4844
20, 8417000000, 4844
1, 8426000000, 3643
2, 8429000000, 4844
3, 8433000000, 4844
4, 8434000000, 3643
5, 8435000000, 4844
6, 8440000000, 4844
7, 8447000000, 4844
8, 8449000000, 4844
9, 8450000000, 4844
10, 8452000000, 4844
11, 8458000000, 4844
12, 8463000000, 4844
13, 8467000000, 4844
14, 8470000000, 4844
15, 8478000000, 4844
16, 8483000000, 4844
17, 8487000000, 7326
18, 8490000000, 6125
19, 8516000000, 4844
20, 8517000000, 4844
1, 8526000000, 6125
2, 8529000000, 7326
3, 8533000000, 4844
4, 8534000000, 6125
5, 8535000000, 4844
6, 8540000000, 7326
7, 8547000000, 4844
8, 8549000000, 4844
9, 8550000000, 4844
10, 8552000000, 4844
11, 8558000000, 4844
12, 8563000000, 4844
13, 8567000000, 7326
14, 8570000000, 4844
15, 8578000000, 4844
16, 8583000000, 4844
17, 8587000000, 4844
18, 8590000000, 3643
19, 8616000000, 4844
20, 8617000000, 4844
1, 8626000000, 3643
2, 8629000000, 4844
3, 8633000000, 4844
4, 8634000000, 3643
5, 8635000000, 4844
6, 8640000000, 4844
7, 8647000000, 4844
8, 8649000000, 4844
9, 8650000000, 4844
10, 8652000000, 4844
11, 8658000000, 4844
12, 8663000000, 4844
13, 8667000000, 4844
14, 8670000000, 4844
15, 8678000000, 4844
16, 8683000000, 4844
17, 8687000000, 4844
18, 8690000000, 3643
19, 8716000000, 4844
20, 8717000000, 4844
1, 8726000000, 3643
2, 8729000000, 4844
3, 8733000000, 4844
4, 8734000000, 3643
5, 8735000000, 7326
6, 8740000000, 4844
7, 8747000000, 4844
8, 8749000000, 7326
9, 8750000000, 4844
10, 8752000000, 4844
11, 8758000000, 4844
12, 8763000000, 7326
13, 8767000000, 4844
14, 8770000000, 4844
15, 8778000000, 4844
16, 8783000000, 4844
17, 8787000000, 7326
18, 8790000000, 6125
19, 8816000000, 7326
20, 8817000000, 4844
1, 8826000000, 3643
2, 8829000000, 4844
3, 8833000000, 7326
4, 8834000000, 6125
5, 8835000000, 4844
6, 8840000000, 7326
7, 8847000000, 4844
8, 8849000000, 4844
9, 8850000000, 4844
10, 8852000000, 4844
11, 8858000000, 4844
12, 8863000000, 4844
13, 8867000000, 4844
14, 8870000000, 4844
15, 8878000000, 4844
16, 8883000000, 7326
17, 8887000000, 4844
18, 8890000000, 3643
19, 8916000000, 4844
20, 8917000000, 4844
1, 8926000000, 3643
2, 8929000000, 4844
3, 8933000000, 4844
4, 8934000000, 3643
5, 8935000000, 4844
6, 8940000000, 4844
7, 8947000000, 4844
8, 8949000000, 4844
9, 8950000000, 4844
10, 8952000000, 4844
11, 8958000000, 4844
12, 8963000000, 4844
13, 8967000000, 4844
14, 8970000000, 7326
15, 8978000000, 4844
16, 8983000000, 7326
17, 8987000000, 4844
18, 8990000000, 3643
19, 9016000000, 4844
20, 9017000000, 4844
1, 9026000000, 3643
2, 9029000000, 4844
3, 9033000000, 4844
4, 9034000000, 6125
5, 9035000000, 4844
6, 9040000000, 4844
7, 9047000000, 7326
8, 9049000000, 7326
9, 9050000000, 4844
10, 9052000000, 4844
11, 9058000000, 4844
12, 9063000000, 7326
13, 9067000000, 4844
14, 9070000000, 4844
15, 9078000000, 4844
16, 9083000000, 4844
17, 9087000000, 4844
18, 9090000000, 3643
19, 9116000000, 4844
20, 9117000000, 4844
1, 9126000000, 3643
2, 9129000000, 4844
3, 9133000000, 4844
4, 9134000000, 6125
5, 9135000000, 4844
6, 9140000000, 4844
7, 9147000000, 4844
8, 9149000000, 4844
9, 9150000000, 4844
10, 9152000000, 7326
11, 9158000000, 4844
12, 9163000000, 4844
13, 9167000000, 4844
14, 9170000000, 4844
15, 9178000000, 4844
16, 9183000000, 4844
17, 9187000000, 4844
18, 9190000000, 3643
19, 9216000000, 4844
20, 9217000000, 7326
1, 9226000000, 6125
2, 9229000000, 4844
3, 9233000000, 7326
4, 9234000000, 3643
5, 9235000000, 4844
6, 9240000000, 4844
7, 9247000000, 4844
8, 9249000000, 4844
9, 9250000000, 4844
10, 9252000000, 4844
11, 9258000000, 4844
12, 9263000000, 4844
13, 9267000000, 4844
14, 9270000000, 4844
15, 9278000000, 7326
16, 9283000000, 4844
17, 9287000000, 4844
18, 9290000000, 6125
19, 9316000000, 4844
20, 9317000000, 4844
1, 9326000000, 3643
2, 9329000000, 4844
3, 9333000000, 4844
4, 9334000000, 3643
5, 9335000000, 4844
6, 9340000000, 4844
7, 9347000000, 4844
8, 9349000000, 4844
9, 9350000000, 4844
10, 9352000000, 4844
11, 9358000000, 4844
12, 9363000000, 7326
13, 9367000000, 4844
14, 9370000000, 4844
15, 9378000000, 4844
16, 9383000000, 4844
17, 9387000000, 4844
18, 9390000000, 3643
19, 9416000000, 4844
20, 9417000000, 4844
1, 9426000000, 3643
2, 9429000000, 4844
3, 9433000000, 4844
4, 9434000000, 3643
5, 9435000000, 4844
6, 9440000000, 4844
7, 9447000000, 4844
8, 9449000000, 4844
9, 9450000000, 4844
10, 9452000000, 4844
11, 9458000000, 4844
12, 9463000000, 4844
13, 9467000000, 4844
14, 9470000000, 4844
15, 9478000000, 4844
16, 9483000000, 4844
17, 9487000000, 7326
18, 9490000000, 6125
19, 9516000000, 4844
20, 9517000000, 4844
1, 9526000000, 6125
2, 9529000000, 7326
3, 9533000000, 4844
4, 9534000000, 6125
5, 9535000000, 4844
6, 9540000000, 7326
7, 9547000000, 4844
8, 9549000000, 4844
9, 9550000000, 4844
10, 9552000000, 4844
11, 9558000000, 4844
12, 9563000000, 4844
13, 9567000000, 7326
14, 9570000000, 4844
15, 9578000000, 4844
16, 9583000000, 4844
17, 9587000000, 4844
18, 9590000000, 3643
19, 9616000000, 4844
20, 9617000000, 4844
1, 9626000000, 3643
2, 9629000000, 4844
3, 9633000000, 4844
4, 9634000000, 3643
5, 9635000000, 4844
6, 9640000000, 4844
7, 9647000000, 4844
8, 9649000000, 4844
9, 9650000000, 4844
10, 9652000000, 4844
11, 9658000000, 4844
12, 9663000000, 4844
13, 9667000000, 4844
14, 9670000000, 4844
15, 9678000000, 4844
16, 9683000000, 4844
17, 9687000000, 4844
18, 9690000000, 3643
19, 9716000000, 4844
20, 9717000000, 4844
1, 9726000000, 3643
2, 9729000000, 4844
3, 9733000000, 4844
4, 9734000000, 3643
5, 9735000000, 7326
6, 9740000000, 4844
7, 9747000000, 4844
8, 9749000000, 7326
9, 9750000000, 4844
10, 9752000000, 4844
11, 9758000000, 4844
12, 9763000000, 7326
13, 9767000000, 4844
14, 9770000000, 4844
15, 9778000000, 4844
16, 9783000000, 4844
17, 9787000000, 7326
18, 9790000000, 6125
19, 9816000000, 7326
20, 9817000000, 4844
1, 9826000000, 3643
2, 9829000000, 4844
3, 9833000000, 7326
4, 9834000000, 6125
5, 9835000000, 4844
6, 9840000000, 7326
7, 9847000000, 4844
8, 9849000000, 4844
9, 9850000000, 4844
10, 9852000000, 4844
11, 9858000000, 4844
12, 9863000000, 4844
13, 9867000000, 4844
14, 9870000000, 4844
15, 9878000000, 4844
16, 9883000000, 7326
17, 9887000000, 4844
18, 9890000000, 3643
19, 9916000000, 4844
20, 9917000000, 4844
1, 9926000000, 3643
2, 9929000000, 4844
3, 9933000000, 4844
4, 9934000000, 3643
5, 9935000000, 4844
6, 9940000000, 4844
7, 9947000000, 4844
8, 9949000000, 4844
9, 9950000000, 4844
10, 9952000000, 4844
11, 9958000000, 4844
12, 9963000000, 4844
13, 9967000000, 4844
14, 9970000000, 7326
15, 9978000000, 4844
16, 9983000000, 7326
17, 9987000000, 4844
18, 9990000000, 3643
19, 10016000000, 4844
20, 10017000000, 4844
1, 10026000000, 3643
2, 10029000000, 4844
3, 10033000000, 4844
4, 10034000000, 6125
5, 10035000000, 4844
6, 10040000000, 4844
7, 10047000000, 7326
8, 10049000000, 7326
9, 10050000000, 4844
10, 10052000000, 4844
11, 10058000000, 4844
12, 10063000000, 7326
13, 10067000000, 4844
14, 10070000000, 4844
15, 10078000000, 4844
16, 10083000000, 4844
17, 10087000000, 4844
18, 10090000000, 3643
19, 10116000000, 4844
20, 10117000000, 4844
