1, 133200000, 469884
2, 139200000, 5085
3, 141200000, 5683
4, 147200000, 5085
5, 149200000, 34752
6, 153200000, 10482
7, 163200000, 4884
8, 165200000, 521884
9, 167200000, 5085
10, 172200000, 3884
11, 173200000, 5482
12, 181200000, 36178
13, 192200000, 3643
14, 199200000, 5683
15, 209200000, 3643
16, 213200000, 140084
17, 214200000, 4844
18, 217200000, 5482
19, 225200000, 16488
20, 229200000, 5683
1, 233200000, 6482
2, 239200000, 45091
3, 241200000, 4844
4, 247200000, 4844
5, 249200000, 518426
6, 253200000, 4844
7, 263200000, 50256
8, 265200000, 4844
9, 267200000, 5482
10, 272200000, 5482
11, 273200000, 5482
12, 281200000, 3643
13, 292200000, 68347
14, 299200000, 4844
15, 309200000, 255530
16, 313200000, 73934
17, 314200000, 5482
18, 317200000, 61482
19, 325200000, 4844
20, 329200000, 4844
1, 333200000, 4844
2, 339200000, 4884
3, 341200000, 5683
4, 347200000, 165641
5, 349200000, 6683
6, 353200000, 5683
7, 363200000, 5482
8, 365200000, 369060
9, 367200000, 4844
10, 372200000, 3643
11, 373200000, 5683
12, 381200000, 3643
13, 392200000, 3643
14, 399200000, 4844
15, 409200000, 27136
16, 413200000, 4844
17, 414200000, 4844
18, 417200000, 5085
19, 425200000, 4844
20, 429200000, 4844
1, 433200000, 4884
2, 439200000, 4844
3, 441200000, 85482
4, 447200000, 4844
5, 449200000, 4844
6, 453200000, 4844
7, 463200000, 4844
8, 465200000, 158542
9, 467200000, 5683
10, 472200000, 3683
11, 473200000, 565941
12, 481200000, 3643
13, 492200000, 3643
14, 499200000, 38482
15, 509200000, 3643
16, 513200000, 4844
17, 514200000, 4844
18, 517200000, 5085
19, 525200000, 5884
20, 529200000, 5085
1, 533200000, 4884
2, 539200000, 57141
3, 541200000, 256872
4, 547200000, 5884
5, 549200000, 4844
6, 553200000, 109945
7, 563200000, 147655
8, 565200000, 4844
9, 567200000, 5482
10, 572200000, 356830
11, 573200000, 5482
12, 581200000, 439428
13, 592200000, 475495
14, 599200000, 4844
15, 609200000, 4482
16, 613200000, 5085
17, 614200000, 82205
18, 617200000, 45006
19, 625200000, 288455
20, 629200000, 5482
1, 633200000, 23075
2, 639200000, 42683
3, 641200000, 108600
4, 647200000, 110943
5, 649200000, 4844
6, 653200000, 5683
7, 663200000, 273551
8, 665200000, 5085
9, 667200000, 4844
10, 672200000, 3643
11, 673200000, 11222
12, 681200000, 3683
13, 692200000, 4482
14, 699200000, 4884
15, 709200000, 107482
16, 713200000, 5085
17, 714200000, 5085
18, 717200000, 4844
19, 725200000, 21388
20, 729200000, 5884
1, 733200000, 4844
2, 739200000, 5683
3, 741200000, 4844
4, 747200000, 4884
5, 749200000, 4844
6, 753200000, 40387
7, 763200000, 5683
8, 765200000, 4844
9, 767200000, 4844
10, 772200000, 4683
11, 773200000, 4884
12, 781200000, 86181
13, 792200000, 4482
14, 799200000, 78831
15, 809200000, 4482
16, 813200000, 4844
17, 814200000, 4844
18, 817200000, 4844
19, 825200000, 6482
20, 829200000, 441071
1, 833200000, 4844
2, 839200000, 4844
3, 841200000, 4844
4, 847200000, 5884
5, 849200000, 4884
6, 853200000, 5683
7, 863200000, 4844
8, 865200000, 5085
9, 867200000, 4844
10, 872200000, 3643
11, 873200000, 6482
12, 881200000, 30223
13, 892200000, 38463
14, 899200000, 4884
15, 909200000, 3643
16, 913200000, 4844
17, 914200000, 4844
18, 917200000, 5884
19, 925200000, 53718
20, 929200000, 4844
1, 933200000, 302895
2, 939200000, 50228
3, 941200000, 538016
4, 947200000, 624942
5, 949200000, 6607
6, 953200000, 4844
7, 963200000, 450477
8, 965200000, 5085
9, 967200000, 263620
10, 972200000, 112209
11, 973200000, 67683
12, 981200000, 3643
13, 992200000, 3643
14, 999200000, 5884
15, 1009200000, 5482
16, 1013200000, 50734
17, 1014200000, 4844
18, 1017200000, 4844
19, 1025200000, 5482
20, 1029200000, 4884
1, 1033200000, 7326
2, 1039200000, 5683
3, 1041200000, 4884
4, 1047200000, 6482
5, 1049200000, 22272
6, 1053200000, 7683
7, 1063200000, 347623
8, 1065200000, 5482
9, 1067200000, 5884
10, 1072200000, 400664
11, 1073200000, 63404
12, 1081200000, 30510
13, 1092200000, 3683
14, 1099200000, 4844
15, 1109200000, 3884
16, 1113200000, 7326
17, 1114200000, 4844
18, 1117200000, 4844
19, 1125200000, 619344
20, 1129200000, 38941
1, 1133200000, 5683
2, 1139200000, 4884
3, 1141200000, 9607
4, 1147200000, 491765
5, 1149200000, 4884
6, 1153200000, 5482
7, 1163200000, 6683
8, 1165200000, 5085
9, 1167200000, 28884
10, 1172200000, 6125
11, 1173200000, 4844
12, 1181200000, 3643
13, 1192200000, 3643
14, 1199200000, 4844
16, 1213200000, 386409
17, 1214200000, 4844
18, 1217200000, 5482
19, 1225200000, 7326
20, 1229200000, 4844
1, 1233200000, 623796
2, 1239200000, 4844
3, 1241200000, 7326
4, 1247200000, 6446
5, 1249200000, 4844
6, 1253200000, 4844
7, 1263200000, 5884
8, 1265200000, 25039
9, 1267200000, 4884
10, 1272200000, 6683
11, 1273200000, 4844
12, 1281200000, 4683
13, 1292200000, 4482
14, 1299200000, 5085
15, 1309200000, 3643
16, 1313200000, 294139
17, 1314200000, 4844
18, 1317200000, 123492
19, 1325200000, 4844
20, 1329200000, 4844
1, 1333200000, 4844
2, 1339200000, 5683
3, 1341200000, 66482
4, 1347200000, 4844
5, 1349200000, 6482
6, 1353200000, 4844
7, 1363200000, 4844
8, 1365200000, 4844
9, 1367200000, 153962
10, 1372200000, 3683
11, 1373200000, 4844
12, 1381200000, 3643
13, 1392200000, 3643
14, 1399200000, 4844
15, 1409200000, 44482
16, 1413200000, 5482
17, 1414200000, 8482
18, 1417200000, 4844
19, 1425200000, 241971
20, 1429200000, 5683
1, 1433200000, 46934
2, 1439200000, 4844
3, 1441200000, 4884
4, 1447200000, 35683
5, 1449200000, 4844
6, 1453200000, 4844
7, 1463200000, 4844
8, 1465200000, 5884
9, 1467200000, 5482
10, 1472200000, 3643
11, 1473200000, 5683
12, 1481200000, 3643
13, 1492200000, 7723
14, 1499200000, 136756
15, 1509200000, 3643
16, 1513200000, 4844
17, 1514200000, 7567
18, 1517200000, 4844
19, 1525200000, 10896
20, 1529200000, 5482
1, 1533200000, 7683
2, 1539200000, 4884
3, 1541200000, 40186
4, 1547200000, 5884
5, 1549200000, 487629
6, 1553200000, 6482
7, 1563200000, 143482
8, 1565200000, 21978
9, 1567200000, 115482
10, 1572200000, 46376
11, 1573200000, 31912
12, 1581200000, 3643
13, 1592200000, 3683
14, 1599200000, 4844
15, 1609200000, 3643
16, 1613200000, 4844
17, 1614200000, 235683
18, 1617200000, 57723
19, 1625200000, 4844
20, 1629200000, 7326
1, 1633200000, 6482
2, 1639200000, 4844
3, 1641200000, 7567
4, 1647200000, 8482
5, 1649200000, 51482
6, 1653200000, 4844
7, 1663200000, 5884
8, 1665200000, 4844
9, 1667200000, 41958
10, 1672200000, 3643
11, 1673200000, 5085
12, 1681200000, 3643
13, 1692200000, 3643
14, 1699200000, 4844
15, 1709200000, 449509
16, 1713200000, 5085
17, 1714200000, 7482
18, 1717200000, 18305
19, 1725200000, 483895
20, 1729200000, 4844
1, 1733200000, 122028
2, 1739200000, 44884
3, 1741200000, 59482
4, 1747200000, 318959
5, 1749200000, 7326
6, 1753200000, 4844
7, 1763200000, 56329
8, 1765200000, 48488
9, 1767200000, 84691
10, 1772200000, 52482
11, 1773200000, 5085
12, 1781200000, 359837
13, 1792200000, 4683
14, 1799200000, 67447
15, 1809200000, 6125
16, 1813200000, 5482
17, 1814200000, 24847
18, 1817200000, 7482
19, 1825200000, 69432
20, 1829200000, 5884
1, 1833200000, 21629
2, 1839200000, 148695
3, 1841200000, 8482
4, 1847200000, 5085
5, 1849200000, 5085
6, 1853200000, 4844
7, 1863200000, 8683
8, 1865200000, 66518
9, 1867200000, 5085
10, 1872200000, 3643
11, 1873200000, 554482
12, 1881200000, 4482
13, 1892200000, 4683
14, 1899200000, 4844
15, 1909200000, 72952
16, 1913200000, 4844
17, 1914200000, 68034
18, 1917200000, 5884
19, 1925200000, 5884
20, 1929200000, 19621
1, 1933200000, 493377
2, 1939200000, 83723
3, 1941200000, 6043
4, 1947200000, 164262
5, 1949200000, 4844
6, 1953200000, 60884
7, 1963200000, 12708
8, 1965200000, 7892
9, 1967200000, 4844
10, 1972200000, 4683
11, 1973200000, 4844
12, 1981200000, 3643
13, 1992200000, 4482
14, 1999200000, 5482
15, 2009200000, 45693
16, 2013200000, 5085
17, 2014200000, 5884
18, 2017200000, 4844
19, 2025200000, 36482
20, 2029200000, 7326
1, 2033200000, 8683
2, 2039200000, 20750
3, 2041200000, 154370
4, 2047200000, 5482
5, 2049200000, 5683
6, 2053200000, 7326
7, 2063200000, 4844
8, 2065200000, 4884
9, 2067200000, 62387
10, 2072200000, 554316
11, 2073200000, 5884
12, 2081200000, 4482
13, 2092200000, 4683
14, 2099200000, 5683
15, 2109200000, 3643
16, 2113200000, 7326
17, 2114200000, 418305
18, 2117200000, 5884
19, 2125200000, 4844
20, 2129200000, 42797
1, 2133200000, 10985
2, 2139200000, 51737
3, 2141200000, 69797
4, 2147200000, 55851
5, 2149200000, 4884
6, 2153200000, 5884
7, 2163200000, 5085
8, 2165200000, 5085
9, 2167200000, 5683
10, 2172200000, 13672
11, 2173200000, 5884
12, 2181200000, 13482
13, 2192200000, 59482
14, 2199200000, 4844
15, 2209200000, 6669
16, 2213200000, 7723
17, 2214200000, 4844
18, 2217200000, 577683
19, 2225200000, 7326
20, 2229200000, 4844
1, 2233200000, 38535
2, 2239200000, 4844
3, 2241200000, 7366
4, 2247200000, 5884
5, 2249200000, 5884
6, 2253200000, 23642
7, 2263200000, 4844
8, 2265200000, 4884
9, 2267200000, 4844
10, 2272200000, 262369
11, 2273200000, 4884
12, 2281200000, 414258
13, 2292200000, 3643
14, 2299200000, 5482
15, 2309200000, 3643
16, 2313200000, 5482
17, 2314200000, 330482
18, 2317200000, 4884
19, 2325200000, 5482
20, 2329200000, 4844
1, 2333200000, 37535
2, 2339200000, 4884
3, 2341200000, 4884
4, 2347200000, 599713
5, 2349200000, 5884
6, 2353200000, 5683
7, 2363200000, 5482
8, 2365200000, 6683
9, 2367200000, 175683
10, 2372200000, 4683
11, 2373200000, 677688
12, 2381200000, 53482
13, 2392200000, 3643
14, 2399200000, 4884
15, 2409200000, 3643
16, 2413200000, 4844
17, 2414200000, 7326
18, 2417200000, 4844
19, 2425200000, 5482
20, 2429200000, 100884
1, 2433200000, 4844
2, 2439200000, 5884
3, 2441200000, 6683
4, 2447200000, 261397
5, 2449200000, 74683
6, 2453200000, 5683
7, 2463200000, 5482
8, 2465200000, 5884
9, 2467200000, 4844
10, 2472200000, 46482
11, 2473200000, 4844
12, 2481200000, 3884
13, 2492200000, 7607
14, 2499200000, 4844
15, 2509200000, 3643
16, 2513200000, 4844
17, 2514200000, 7326
18, 2517200000, 4844
19, 2525200000, 52718
20, 2529200000, 4844
1, 2533200000, 7683
2, 2539200000, 638825
3, 2541200000, 5884
4, 2547200000, 449618
5, 2549200000, 7884
6, 2553200000, 6482
7, 2563200000, 5482
8, 2565200000, 7326
9, 2567200000, 4844
10, 2572200000, 4482
11, 2573200000, 7892
12, 2581200000, 468794
13, 2592200000, 3643
14, 2599200000, 255819
15, 2609200000, 3683
16, 2613200000, 4844
17, 2614200000, 4844
18, 2617200000, 8723
19, 2625200000, 5482
20, 2629200000, 44104
1, 2633200000, 4844
2, 2639200000, 5884
3, 2641200000, 7326
4, 2647200000, 497394
5, 2649200000, 4844
6, 2653200000, 4844
7, 2663200000, 5884
8, 2665200000, 5884
9, 2667200000, 4844
10, 2672200000, 481301
11, 2673200000, 6482
12, 2681200000, 3643
13, 2692200000, 4683
14, 2699200000, 4844
15, 2709200000, 3643
16, 2713200000, 311183
17, 2714200000, 98165
18, 2717200000, 82763
19, 2725200000, 4844
20, 2729200000, 4844
1, 2733200000, 4844
2, 2739200000, 92884
3, 2741200000, 7884
4, 2747200000, 463873
5, 2749200000, 7326
6, 2753200000, 4844
7, 2763200000, 298438
8, 2765200000, 469682
9, 2767200000, 4844
10, 2772200000, 3643
11, 2773200000, 5085
12, 2781200000, 3683
13, 2792200000, 62672
14, 2799200000, 7326
15, 2809200000, 95536
16, 2813200000, 5482
17, 2814200000, 4884
18, 2817200000, 4884
19, 2825200000, 70002
20, 2829200000, 4844
1, 2833200000, 5683
2, 2839200000, 5085
3, 2841200000, 7884
4, 2847200000, 5683
5, 2849200000, 236378
6, 2853200000, 5085
7, 2863200000, 7567
8, 2865200000, 5085
9, 2867200000, 4844
10, 2872200000, 3643
11, 2873200000, 61663
12, 2881200000, 3683
13, 2892200000, 5482
14, 2899200000, 5085
15, 2909200000, 4482
16, 2913200000, 5683
17, 2914200000, 4844
18, 2917200000, 4884
19, 2925200000, 5085
20, 2929200000, 4844
1, 2933200000, 8683
2, 2939200000, 49289
3, 2941200000, 4844
4, 2947200000, 4844
5, 2949200000, 5085
6, 2953200000, 4844
7, 2963200000, 5683
8, 2965200000, 5683
9, 2967200000, 4844
10, 2972200000, 3643
11, 2973200000, 5085
12, 2981200000, 4683
13, 2992200000, 4683
14, 2999200000, 48541
15, 3009200000, 3643
16, 3013200000, 56891
17, 3014200000, 5085
18, 3017200000, 5482
19, 3025200000, 5884
20, 3029200000, 7326
1, 3033200000, 7482
2, 3039200000, 51482
3, 3041200000, 4844
4, 3047200000, 5884
5, 3049200000, 5884
6, 3053200000, 61683
7, 3063200000, 4844
8, 3065200000, 5482
9, 3067200000, 103172
10, 3072200000, 3643
11, 3073200000, 4844
12, 3081200000, 3643
13, 3092200000, 4683
14, 3099200000, 5884
15, 3109200000, 4482
16, 3113200000, 53103
17, 3114200000, 95857
18, 3117200000, 4844
19, 3125200000, 5085
20, 3129200000, 4844
1, 3133200000, 4844
2, 3139200000, 17135
3, 3141200000, 9683
4, 3147200000, 5884
5, 3149200000, 210235
6, 3153200000, 56279
7, 3163200000, 5085
8, 3165200000, 4844
9, 3167200000, 4844
10, 3172200000, 222758
11, 3173200000, 5884
12, 3181200000, 3683
13, 3192200000, 40110
14, 3199200000, 308599
15, 3209200000, 4683
16, 3213200000, 379125
17, 3214200000, 4844
18, 3217200000, 50152
19, 3225200000, 8723
20, 3229200000, 4844
1, 3233200000, 352679
2, 3239200000, 5884
3, 3241200000, 7326
4, 3247200000, 715424
5, 3249200000, 5884
6, 3253200000, 4844
7, 3263200000, 5482
8, 3265200000, 4844
9, 3267200000, 4844
10, 3272200000, 134676
11, 3273200000, 5884
12, 3281200000, 4683
13, 3292200000, 4683
14, 3299200000, 5884
15, 3309200000, 3884
16, 3313200000, 4844
17, 3314200000, 216652
18, 3317200000, 264683
19, 3325200000, 4844
20, 3329200000, 4844
1, 3333200000, 496757
2, 3339200000, 4884
3, 3341200000, 6683
4, 3347200000, 4844
5, 3349200000, 4844
6, 3353200000, 5085
7, 3363200000, 4844
8, 3365200000, 5482
9, 3367200000, 5884
10, 3372200000, 591312
11, 3373200000, 4844
12, 3381200000, 4482
13, 3392200000, 3643
14, 3399200000, 5884
15, 3409200000, 51513
16, 3413200000, 547906
17, 3414200000, 534316
18, 3417200000, 5482
19, 3425200000, 33482
20, 3429200000, 5884
1, 3433200000, 25967
2, 3439200000, 4844
3, 3441200000, 4844
4, 3447200000, 4844
5, 3449200000, 37041
6, 3453200000, 4884
7, 3463200000, 39865
8, 3465200000, 4844
9, 3467200000, 4844
10, 3472200000, 64482
11, 3473200000, 5884
12, 3481200000, 3643
13, 3492200000, 6125
14, 3499200000, 4844
15, 3509200000, 61559
16, 3513200000, 54365
17, 3514200000, 7326
18, 3517200000, 4884
19, 3525200000, 206056
20, 3529200000, 5085
1, 3533200000, 862250
2, 3539200000, 106206
3, 3541200000, 55482
4, 3547200000, 4844
5, 3549200000, 7326
6, 3553200000, 4844
7, 3563200000, 4844
8, 3565200000, 7884
9, 3567200000, 403132
10, 3572200000, 3643
11, 3573200000, 4844
12, 3581200000, 3643
13, 3592200000, 3643
14, 3599200000, 4844
15, 3609200000, 81004
16, 3613200000, 22834
17, 3614200000, 4844
18, 3617200000, 7326
19, 3625200000, 5085
20, 3629200000, 7326
1, 3633200000, 5482
2, 3639200000, 5683
3, 3641200000, 7884
4, 3647200000, 54482
5, 3649200000, 4844
6, 3653200000, 4844
7, 3663200000, 4844
8, 3665200000, 527674
9, 3667200000, 4844
10, 3672200000, 4683
11, 3673200000, 6482
12, 3681200000, 3643
13, 3692200000, 3643
14, 3699200000, 4844
15, 3709200000, 88831
16, 3713200000, 4884
17, 3714200000, 7326
18, 3717200000, 4844
19, 3725200000, 49023
20, 3729200000, 4844
1, 3733200000, 4844
2, 3739200000, 57961
3, 3741200000, 8482
4, 3747200000, 5085
5, 3749200000, 97884
6, 3753200000, 4844
7, 3763200000, 5085
8, 3765200000, 52634
9, 3767200000, 23358
10, 3772200000, 4482
11, 3773200000, 5884
12, 3781200000, 3643
13, 3792200000, 4683
14, 3799200000, 8683
15, 3809200000, 384683
16, 3813200000, 5085
17, 3814200000, 4844
18, 3817200000, 4844
19, 3825200000, 4884
20, 3829200000, 6482
1, 3833200000, 5683
2, 3839200000, 30948
3, 3841200000, 7326
4, 3847200000, 4844
5, 3849200000, 5884
6, 3853200000, 4844
7, 3863200000, 7482
8, 3865200000, 4844
9, 3867200000, 5683
10, 3872200000, 78314
11, 3873200000, 7326
12, 3881200000, 3643
13, 3892200000, 4683
14, 3899200000, 5884
15, 3909200000, 149375
16, 3913200000, 5085
17, 3914200000, 62271
18, 3917200000, 4844
19, 3925200000, 214538
20, 3929200000, 4844
1, 3933200000, 7567
2, 3939200000, 7326
3, 3941200000, 4844
4, 3947200000, 241041
5, 3949200000, 4844
6, 3953200000, 4844
7, 3963200000, 598683
8, 3965200000, 5085
9, 3967200000, 5085
10, 3972200000, 528834
11, 3973200000, 511923
12, 3981200000, 3884
13, 3992200000, 3643
14, 3999200000, 4844
15, 4009200000, 22075
16, 4013200000, 4844
17, 4014200000, 6683
18, 4017200000, 5884
19, 4025200000, 5884
20, 4029200000, 7567
1, 4033200000, 61056
2, 4039200000, 526482
3, 4041200000, 5482
4, 4047200000, 74972
5, 4049200000, 4844
6, 4053200000, 7326
7, 4063200000, 46683
8, 4065200000, 4844
9, 4067200000, 5683
10, 4072200000, 3643
11, 4073200000, 67263
12, 4081200000, 3683
13, 4092200000, 4683
14, 4099200000, 4844
15, 4109200000, 139456
16, 4113200000, 8567
17, 4114200000, 233394
18, 4117200000, 5482
19, 4125200000, 5884
20, 4129200000, 5884
1, 4133200000, 4844
2, 4139200000, 5884
3, 4141200000, 44387
4, 4147200000, 5683
5, 4149200000, 5884
6, 4153200000, 50509
7, 4163200000, 4844
8, 4165200000, 4844
9, 4167200000, 5683
10, 4172200000, 6125
11, 4173200000, 4844
12, 4181200000, 3643
13, 4192200000, 3643
14, 4199200000, 5482
15, 4209200000, 4683
16, 4213200000, 82964
17, 4214200000, 4844
18, 4217200000, 212200
19, 4225200000, 8567
20, 4229200000, 4884
1, 4233200000, 5085
2, 4239200000, 242814
3, 4241200000, 7683
4, 4247200000, 36571
5, 4249200000, 5482
6, 4253200000, 4844
7, 4263200000, 4844
8, 4265200000, 4844
9, 4267200000, 115579
10, 4272200000, 6125
11, 4273200000, 66482
12, 4281200000, 3643
13, 4292200000, 3643
14, 4299200000, 51232
15, 4309200000, 3683
16, 4313200000, 4844
17, 4314200000, 4844
18, 4317200000, 4844
19, 4325200000, 4844
20, 4329200000, 4844
1, 4333200000, 5482
2, 4339200000, 5085
3, 4341200000, 31482
4, 4347200000, 6482
5, 4349200000, 5683
6, 4353200000, 4844
7, 4363200000, 37736
8, 4365200000, 23719
9, 4367200000, 4844
10, 4372200000, 4482
11, 4373200000, 4844
12, 4381200000, 3643
13, 4392200000, 3643
14, 4399200000, 4844
15, 4409200000, 33710
16, 4413200000, 4844
17, 4414200000, 180750
18, 4417200000, 7482
19, 4425200000, 4884
20, 4429200000, 5683
1, 4433200000, 96665
2, 4439200000, 37976
3, 4441200000, 19942
4, 4447200000, 4844
5, 4449200000, 5884
6, 4453200000, 4844
7, 4463200000, 92377
8, 4465200000, 5683
9, 4467200000, 5482
10, 4472200000, 3884
11, 4473200000, 5884
12, 4481200000, 4482
13, 4492200000, 6125
14, 4499200000, 4844
15, 4509200000, 24482
16, 4513200000, 17135
17, 4514200000, 7326
18, 4517200000, 4844
19, 4525200000, 400510
20, 4529200000, 35592
1, 4533200000, 75405
2, 4539200000, 5482
3, 4541200000, 340544
4, 4547200000, 4844
5, 4549200000, 8482
6, 4553200000, 395683
7, 4563200000, 5482
8, 4565200000, 18362
9, 4567200000, 5884
10, 4572200000, 3643
11, 4573200000, 4844
12, 4581200000, 15528
13, 4592200000, 3643
14, 4599200000, 37683
15, 4609200000, 72588
16, 4613200000, 4884
17, 4614200000, 18938
18, 4617200000, 8567
19, 4625200000, 352825
20, 4629200000, 324542
1, 4633200000, 10302
2, 4639200000, 4844
3, 4641200000, 7683
4, 4647200000, 7326
5, 4649200000, 5884
6, 4653200000, 24742
7, 4663200000, 13636
8, 4665200000, 5482
9, 4667200000, 33438
10, 4672200000, 3643
11, 4673200000, 5482
12, 4681200000, 3884
13, 4692200000, 37218
14, 4699200000, 4844
15, 4709200000, 4482
16, 4713200000, 4844
17, 4714200000, 25111
18, 4717200000, 4844
19, 4725200000, 4844
20, 4729200000, 17617
1, 4733200000, 4844
2, 4739200000, 549906
3, 4741200000, 8482
4, 4747200000, 5085
6, 4753200000, 22683
7, 4763200000, 6482
8, 4765200000, 21482
9, 4767200000, 5683
10, 4772200000, 3884
11, 4773200000, 5482
12, 4781200000, 5482
13, 4792200000, 3643
14, 4799200000, 610143
15, 4809200000, 6683
16, 4813200000, 4844
17, 4814200000, 4884
18, 4817200000, 401482
19, 4825200000, 64612
20, 4829200000, 4844
1, 4833200000, 5085
2, 4839200000, 5085
3, 4841200000, 8482
4, 4847200000, 105267
5, 4849200000, 85414
6, 4853200000, 4844
7, 4863200000, 52482
8, 4865200000, 17569
9, 4867200000, 4844
10, 4872200000, 53447
11, 4873200000, 8482
12, 4881200000, 3643
13, 4892200000, 3884
14, 4899200000, 4844
15, 4909200000, 3643
16, 4913200000, 4844
17, 4914200000, 471683
18, 4917200000, 10945
19, 4925200000, 5884
20, 4929200000, 4844
1, 4933200000, 8683
2, 4939200000, 8482
3, 4941200000, 5482
4, 4947200000, 5884
5, 4949200000, 4844
6, 4953200000, 113535
7, 4963200000, 5085
8, 4965200000, 5085
9, 4967200000, 4844
10, 4972200000, 3884
11, 4973200000, 4844
12, 4981200000, 3643
13, 4992200000, 53482
14, 4999200000, 4844
15, 5009200000, 440482
16, 5013200000, 4844
17, 5014200000, 4844
18, 5017200000, 4844
19, 5025200000, 69588
20, 5029200000, 7326
1, 5033200000, 8482
2, 5039200000, 4844
3, 5041200000, 606509
4, 5047200000, 5884
5, 5049200000, 4844
6, 5053200000, 76882
7, 5063200000, 5482
8, 5065200000, 4844
9, 5067200000, 4844
10, 5072200000, 3643
11, 5073200000, 5085
12, 5081200000, 3643
13, 5092200000, 4482
14, 5099200000, 860541
15, 5109200000, 4683
16, 5113200000, 8567
17, 5114200000, 4844
18, 5117200000, 4844
19, 5125200000, 11909
20, 5129200000, 25482
1, 5133200000, 4844
2, 5139200000, 5683
3, 5141200000, 27088
4, 5147200000, 74035
5, 5149200000, 4844
6, 5153200000, 6482
7, 5163200000, 4844
8, 5165200000, 5482
9, 5167200000, 4844
10, 5172200000, 6366
11, 5173200000, 5085
12, 5181200000, 351801
13, 5192200000, 59516
14, 5199200000, 5683
15, 5209200000, 3683
16, 5213200000, 7326
17, 5214200000, 360341
18, 5217200000, 5884
19, 5225200000, 7567
20, 5229200000, 5085
1, 5233200000, 4844
2, 5239200000, 6683
3, 5241200000, 8366
4, 5247200000, 514870
5, 5249200000, 6482
6, 5253200000, 47858
7, 5263200000, 4844
8, 5265200000, 139078
9, 5267200000, 5884
10, 5272200000, 6482
11, 5273200000, 23111
12, 5281200000, 3643
13, 5292200000, 3643
14, 5299200000, 6482
15, 5309200000, 5484
16, 5313200000, 15482
17, 5314200000, 636193
18, 5317200000, 5884
19, 5325200000, 6482
20, 5329200000, 5085
1, 5333200000, 4844
2, 5339200000, 4844
3, 5341200000, 399683
4, 5347200000, 338704
5, 5349200000, 58482
6, 5353200000, 592482
7, 5363200000, 5683
8, 5365200000, 6683
9, 5367200000, 4884
10, 5372200000, 4482
11, 5373200000, 5884
12, 5381200000, 167001
13, 5392200000, 351801
14, 5399200000, 5683
15, 5409200000, 218060
16, 5413200000, 60274
17, 5414200000, 7326
18, 5417200000, 6482
19, 5425200000, 4844
20, 5429200000, 5683
1, 5433200000, 5683
2, 5439200000, 23482
3, 5441200000, 4884
4, 5447200000, 4844
5, 5449200000, 5085
6, 5453200000, 5683
7, 5463200000, 41592
8, 5465200000, 4844
9, 5467200000, 6482
10, 5472200000, 3884
11, 5473200000, 5482
12, 5481200000, 4482
13, 5492200000, 6723
14, 5499200000, 5085
15, 5509200000, 3643
16, 5513200000, 4844
17, 5514200000, 7884
18, 5517200000, 493629
19, 5525200000, 4844
20, 5529200000, 13279
1, 5533200000, 585593
2, 5539200000, 5683
3, 5541200000, 26702
4, 5547200000, 4844
5, 5549200000, 156198
6, 5553200000, 55795
7, 5563200000, 375632
8, 5565200000, 7326
9, 5567200000, 40683
10, 5572200000, 63168
11, 5573200000, 4884
12, 5581200000, 11712
13, 5592200000, 3643
14, 5599200000, 4844
15, 5609200000, 3643
16, 5613200000, 6683
17, 5614200000, 24482
18, 5617200000, 8567
19, 5625200000, 4844
20, 5629200000, 7326
1, 5633200000, 5085
2, 5639200000, 5482
3, 5641200000, 7482
4, 5647200000, 7326
5, 5649200000, 68482
6, 5653200000, 4844
7, 5663200000, 608513
8, 5665200000, 5482
9, 5667200000, 55088
10, 5672200000, 30711
11, 5673200000, 5884
12, 5681200000, 3884
13, 5692200000, 3884
14, 5699200000, 4844
15, 5709200000, 3643
16, 5713200000, 4844
17, 5714200000, 60052
18, 5717200000, 5085
19, 5725200000, 66482
20, 5729200000, 4844
1, 5733200000, 4844
2, 5739200000, 4844
3, 5741200000, 7326
4, 5747200000, 6482
5, 5749200000, 7326
6, 5753200000, 4884
7, 5763200000, 45332
8, 5765200000, 7683
9, 5767200000, 548830
10, 5772200000, 307302
11, 5773200000, 4844
12, 5781200000, 3643
13, 5792200000, 3683
14, 5799200000, 7326
15, 5809200000, 6125
16, 5813200000, 4844
17, 5814200000, 596866
18, 5817200000, 4884
19, 5825200000, 482606
20, 5829200000, 4844
1, 5833200000, 5085
2, 5839200000, 5482
3, 5841200000, 7326
4, 5847200000, 6482
5, 5849200000, 4844
6, 5853200000, 162884
7, 5863200000, 8683
8, 5865200000, 5683
9, 5867200000, 5482
10, 5872200000, 3683
11, 5873200000, 7884
12, 5881200000, 5482
13, 5892200000, 17102
14, 5899200000, 82482
15, 5909200000, 3643
16, 5913200000, 4844
17, 5914200000, 40030
18, 5917200000, 4844
19, 5925200000, 234334
20, 5929200000, 5683
1, 5933200000, 7326
2, 5939200000, 90346
3, 5941200000, 5085
4, 5947200000, 75613
5, 5949200000, 4844
6, 5953200000, 4884
7, 5963200000, 35004
8, 5965200000, 4884
9, 5967200000, 37861
10, 5972200000, 4482
12, 5981200000, 4683
13, 5992200000, 3643
14, 5999200000, 59667
15, 6009200000, 3683
16, 6013200000, 5884
17, 6014200000, 5085
18, 6017200000, 4884
19, 6025200000, 51995
20, 6029200000, 266265
1, 6033200000, 111482
2, 6039200000, 4844
3, 6041200000, 4844
4, 6047200000, 4844
5, 6049200000, 5884
6, 6053200000, 52300
7, 6063200000, 5884
8, 6065200000, 60774
9, 6067200000, 5683
10, 6072200000, 79433
11, 6073200000, 4844
12, 6081200000, 92242
13, 6092200000, 551507
14, 6099200000, 110036
15, 6109200000, 3643
16, 6113200000, 37157
17, 6114200000, 12684
18, 6117200000, 4844
19, 6125200000, 5884
20, 6129200000, 6683
1, 6133200000, 45649
2, 6139200000, 14053
3, 6141200000, 7924
4, 6147200000, 4844
5, 6149200000, 6647
6, 6153200000, 4844
7, 6163200000, 547884
8, 6165200000, 5482
9, 6167200000, 4844
10, 6172200000, 6482
11, 6173200000, 4844
12, 6181200000, 4683
13, 6192200000, 510312
14, 6199200000, 5683
15, 6209200000, 18420
16, 6213200000, 8567
17, 6214200000, 4844
18, 6217200000, 5683
19, 6225200000, 435580
20, 6229200000, 4844
1, 6233200000, 5482
2, 6239200000, 27654
3, 6241200000, 7326
4, 6247200000, 6482
5, 6249200000, 6482
6, 6253200000, 5884
7, 6263200000, 65482
8, 6265200000, 503571
9, 6267200000, 4844
10, 6272200000, 6366
11, 6273200000, 234482
12, 6281200000, 3884
13, 6292200000, 4683
14, 6299200000, 5884
15, 6309200000, 451190
16, 6313200000, 4844
17, 6314200000, 5884
18, 6317200000, 4884
19, 6325200000, 4884
20, 6329200000, 84008
1, 6333200000, 82120
2, 6339200000, 5482
3, 6341200000, 102048
4, 6347200000, 148189
5, 6349200000, 4884
6, 6353200000, 5085
7, 6363200000, 37482
8, 6365200000, 4884
9, 6367200000, 4844
10, 6372200000, 561482
11, 6373200000, 5884
12, 6381200000, 3643
13, 6392200000, 3683
14, 6399200000, 12127
15, 6409200000, 608233
16, 6413200000, 5884
17, 6414200000, 7326
18, 6417200000, 6683
19, 6425200000, 81558
20, 6429200000, 4844
1, 6433200000, 5085
2, 6439200000, 5482
3, 6441200000, 4884
4, 6447200000, 5884
5, 6449200000, 179715
6, 6453200000, 128664
7, 6463200000, 4844
8, 6465200000, 456482
9, 6467200000, 4844
10, 6472200000, 323690
11, 6473200000, 4844
12, 6481200000, 3643
13, 6492200000, 66286
14, 6499200000, 4844
15, 6509200000, 93536
16, 6513200000, 541232
17, 6514200000, 8482
18, 6517200000, 473482
19, 6525200000, 4844
20, 6529200000, 481956
1, 6533200000, 7326
2, 6539200000, 4844
3, 6541200000, 266916
4, 6547200000, 4884
5, 6549200000, 7326
6, 6553200000, 593067
7, 6563200000, 5884
8, 6565200000, 7567
9, 6567200000, 4844
10, 6572200000, 4482
11, 6573200000, 440683
12, 6581200000, 3643
13, 6592200000, 4482
14, 6599200000, 64018
15, 6609200000, 35983
16, 6613200000, 4844
17, 6614200000, 56128
18, 6617200000, 8567
19, 6625200000, 62443
20, 6629200000, 62482
1, 6633200000, 5482
2, 6639200000, 85884
3, 6641200000, 7326
4, 6647200000, 9683
5, 6649200000, 4844
6, 6653200000, 5482
7, 6663200000, 84482
8, 6665200000, 5884
9, 6667200000, 5924
10, 6672200000, 3643
11, 6673200000, 4844
12, 6681200000, 3683
13, 6692200000, 4482
14, 6699200000, 167579
15, 6709200000, 523810
16, 6713200000, 5683
17, 6714200000, 7482
18, 6717200000, 39482
19, 6725200000, 6683
20, 6729200000, 5683
1, 6733200000, 7482
2, 6739200000, 5683
3, 6741200000, 438884
4, 6747200000, 4844
5, 6749200000, 49501
6, 6753200000, 4844
7, 6763200000, 4844
8, 6765200000, 66482
9, 6767200000, 5683
10, 6772200000, 283754
11, 6773200000, 5884
12, 6781200000, 4683
13, 6792200000, 3643
14, 6799200000, 8683
15, 6809200000, 163402
16, 6813200000, 94014
17, 6814200000, 5085
18, 6817200000, 621545
19, 6825200000, 4844
20, 6829200000, 4844
1, 6833200000, 5085
2, 6839200000, 6482
3, 6841200000, 44683
4, 6847200000, 4844
5, 6849200000, 4884
6, 6853200000, 781482
7, 6863200000, 7326
8, 6865200000, 181585
9, 6867200000, 5884
10, 6872200000, 141113
11, 6873200000, 7482
12, 6881200000, 185562
13, 6892200000, 87987
14, 6899200000, 5884
15, 6909200000, 89482
16, 6913200000, 4844
17, 6914200000, 5482
18, 6917200000, 4884
19, 6925200000, 92694
20, 6929200000, 4844
1, 6933200000, 7567
2, 6939200000, 7326
3, 6941200000, 5884
4, 6947200000, 4844
5, 6949200000, 5884
6, 6953200000, 5683
7, 6963200000, 4884
8, 6965200000, 195032
9, 6967200000, 360264
10, 6972200000, 3643
11, 6973200000, 59868
12, 6981200000, 8945
13, 6992200000, 3643
14, 6999200000, 4884
15, 7009200000, 3683
16, 7013200000, 5085
17, 7014200000, 288013
18, 7017200000, 89350
19, 7025200000, 5482
20, 7029200000, 8808
1, 7033200000, 24264
2, 7039200000, 87031
3, 7041200000, 5085
4, 7047200000, 5683
5, 7049200000, 5085
6, 7053200000, 12482
7, 7063200000, 180710
8, 7065200000, 5085
9, 7067200000, 4844
10, 7072200000, 107919
11, 7073200000, 4884
12, 7081200000, 5647
13, 7092200000, 4482
14, 7099200000, 5683
15, 7109200000, 3643
16, 7113200000, 9808
17, 7114200000, 90885
18, 7117200000, 4844
19, 7125200000, 5884
20, 7129200000, 467522
1, 7133200000, 4844
2, 7139200000, 5683
3, 7141200000, 56683
4, 7147200000, 124482
5, 7149200000, 4844
6, 7153200000, 4844
7, 7163200000, 61482
8, 7165200000, 4884
9, 7167200000, 199033
10, 7172200000, 6683
11, 7173200000, 4884
12, 7181200000, 3683
13, 7192200000, 3643
14, 7199200000, 5482
15, 7209200000, 589830
16, 7213200000, 8567
17, 7214200000, 5085
18, 7217200000, 4844
19, 7225200000, 8567
20, 7229200000, 4844
1, 7233200000, 111482
2, 7239200000, 155482
3, 7241200000, 12869
4, 7247200000, 5482
5, 7249200000, 5085
6, 7253200000, 5482
7, 7263200000, 425482
8, 7265200000, 4884
9, 7267200000, 4844
10, 7272200000, 6125
11, 7273200000, 17683
12, 7281200000, 4482
13, 7292200000, 4683
14, 7299200000, 5683
15, 7309200000, 3884
16, 7313200000, 4844
17, 7314200000, 5085
18, 7317200000, 4844
20, 7329200000, 32193
1, 7333200000, 5482
2, 7339200000, 5884
3, 7341200000, 4844
4, 7347200000, 4844
5, 7349200000, 6482
6, 7353200000, 5482
7, 7363200000, 4844
8, 7365200000, 5482
9, 7367200000, 5884
10, 7372200000, 4482
11, 7373200000, 5482
12, 7381200000, 3643
13, 7392200000, 4683
14, 7399200000, 4844
15, 7409200000, 4482
16, 7413200000, 4844
17, 7414200000, 247614
18, 7417200000, 5085
19, 7425200000, 4844
20, 7429200000, 5683
1, 7433200000, 4844
2, 7439200000, 19862
3, 7441200000, 4844
4, 7447200000, 4844
5, 7449200000, 5683
6, 7453200000, 4844
7, 7463200000, 231919
8, 7465200000, 5085
9, 7467200000, 68703
10, 7472200000, 63487
11, 7473200000, 175801
12, 7481200000, 3643
13, 7492200000, 50710
14, 7499200000, 5482
15, 7509200000, 189167
16, 7513200000, 53544
17, 7514200000, 446305
18, 7517200000, 84482
19, 7525200000, 4844
20, 7529200000, 4844
1, 7533200000, 7326
2, 7539200000, 5683
3, 7541200000, 4844
4, 7547200000, 4844
5, 7549200000, 8482
6, 7553200000, 283768
7, 7563200000, 5482
8, 7565200000, 8482
9, 7567200000, 5085
10, 7572200000, 25482
11, 7573200000, 5683
12, 7581200000, 449762
13, 7592200000, 3683
14, 7599200000, 6683
15, 7609200000, 39062
16, 7613200000, 4844
17, 7614200000, 85296
18, 7617200000, 10165
19, 7625200000, 290472
20, 7629200000, 7326
1, 7633200000, 5482
2, 7639200000, 6482
3, 7641200000, 7567
4, 7647200000, 98169
5, 7649200000, 570919
6, 7653200000, 4844
7, 7663200000, 5884
8, 7665200000, 4844
9, 7667200000, 5085
10, 7672200000, 3643
11, 7673200000, 86601
12, 7681200000, 3643
13, 7692200000, 3643
14, 7699200000, 4844
15, 7709200000, 4482
16, 7713200000, 5085
17, 7714200000, 7482
18, 7717200000, 5085
19, 7725200000, 22437
20, 7729200000, 881482
2, 7739200000, 4844
3, 7741200000, 7326
4, 7747200000, 5085
5, 7749200000, 7482
6, 7753200000, 5683
7, 7763200000, 6482
8, 7765200000, 275821
9, 7767200000, 4844
10, 7772200000, 3884
11, 7773200000, 504257
12, 7781200000, 3683
13, 7792200000, 3643
14, 7799200000, 449815
15, 7809200000, 6125
16, 7813200000, 6482
17, 7814200000, 465549
18, 7817200000, 4844
19, 7825200000, 66455
20, 7829200000, 27624
1, 7833200000, 4844
2, 7839200000, 4844
3, 7841200000, 7326
4, 7847200000, 555480
5, 7849200000, 5085
6, 7853200000, 4884
7, 7863200000, 607047
8, 7865200000, 4884
9, 7867200000, 124125
10, 7872200000, 3884
11, 7873200000, 8655
12, 7881200000, 3643
13, 7892200000, 3643
14, 7899200000, 77742
15, 7909200000, 4683
16, 7913200000, 4844
17, 7914200000, 4844
18, 7917200000, 64206
19, 7925200000, 554683
20, 7929200000, 4844
1, 7933200000, 39482
2, 7939200000, 7683
3, 7941200000, 505482
4, 7947200000, 4844
5, 7949200000, 5683
6, 7953200000, 127183
7, 7963200000, 4844
8, 7965200000, 4844
9, 7967200000, 5683
10, 7972200000, 51612
11, 7973200000, 4884
12, 7981200000, 3643
13, 7992200000, 4683
14, 7999200000, 4844
15, 8009200000, 4683
16, 8013200000, 6683
17, 8014200000, 93482
18, 8017200000, 61238
19, 8025200000, 602250
20, 8029200000, 44025
1, 8033200000, 7482
2, 8039200000, 64482
3, 8041200000, 5482
4, 8047200000, 4884
5, 8049200000, 242634
6, 8053200000, 8808
7, 8063200000, 5884
8, 8065200000, 79996
9, 8067200000, 4844
10, 8072200000, 3643
11, 8073200000, 4884
12, 8081200000, 3643
14, 8099200000, 5683
15, 8109200000, 212556
16, 8113200000, 7326
17, 8114200000, 5683
18, 8117200000, 4844
19, 8125200000, 29683
20, 8129200000, 4844
1, 8133200000, 4844
2, 8139200000, 5482
3, 8141200000, 68840
4, 8147200000, 5085
5, 8149200000, 36009
6, 8153200000, 5683
7, 8163200000, 555236
8, 8165200000, 4884
9, 8167200000, 5683
10, 8172200000, 6125
11, 8173200000, 4844
12, 8181200000, 3643
13, 8192200000, 4482
14, 8199200000, 5085
15, 8209200000, 3884
16, 8213200000, 12882
17, 8214200000, 4844
18, 8217200000, 4844
19, 8225200000, 8125
20, 8229200000, 4844
1, 8233200000, 4844
2, 8239200000, 5085
3, 8241200000, 12483
4, 8247200000, 4844
5, 8249200000, 504683
6, 8253200000, 72409
7, 8263200000, 6482
8, 8265200000, 4844
9, 8267200000, 6482
10, 8272200000, 118482
11, 8273200000, 4884
12, 8281200000, 3884
13, 8292200000, 3683
14, 8299200000, 5482
15, 8309200000, 3643
16, 8313200000, 20143
17, 8314200000, 4844
18, 8317200000, 4844
19, 8325200000, 5482
20, 8329200000, 4844
1, 8333200000, 96540
2, 8339200000, 5884
3, 8341200000, 241482
4, 8347200000, 50482
5, 8349200000, 4844
6, 8353200000, 4844
7, 8363200000, 4844
8, 8365200000, 4844
9, 8367200000, 4884
10, 8372200000, 4683
11, 8373200000, 4844
12, 8381200000, 3643
13, 8392200000, 4924
14, 8399200000, 4844
15, 8409200000, 3643
16, 8413200000, 5482
17, 8414200000, 48970
18, 8417200000, 5482
19, 8425200000, 4844
20, 8429200000, 5884
1, 8433200000, 123092
2, 8439200000, 5884
3, 8441200000, 27901
4, 8447200000, 27092
5, 8449200000, 1142683
6, 8453200000, 5683
7, 8463200000, 47957
8, 8465200000, 5085
9, 8467200000, 60867
10, 8472200000, 54811
11, 8473200000, 63573
12, 8481200000, 79317
13, 8492200000, 346002
14, 8499200000, 5683
15, 8509200000, 4482
16, 8513200000, 4844
17, 8514200000, 417655
18, 8517200000, 4844
19, 8525200000, 4884
20, 8529200000, 20482
1, 8533200000, 7326
2, 8539200000, 5884
3, 8541200000, 92683
4, 8547200000, 4844
5, 8549200000, 7482
6, 8553200000, 5884
7, 8563200000, 5884
8, 8565200000, 848409
9, 8567200000, 117379
10, 8572200000, 3683
11, 8573200000, 5085
12, 8581200000, 9543
13, 8592200000, 5482
14, 8599200000, 68286
15, 8609200000, 3643
16, 8613200000, 4844
17, 8614200000, 87482
18, 8617200000, 154167
19, 8625200000, 17482
20, 8629200000, 7482
1, 8633200000, 4844
2, 8639200000, 4844
3, 8641200000, 45482
4, 8647200000, 9607
5, 8649200000, 4844
6, 8653200000, 152963
7, 8663200000, 43683
8, 8665200000, 57699
9, 8667200000, 4844
10, 8672200000, 3643
11, 8673200000, 4844
12, 8681200000, 3683
13, 8692200000, 287060
14, 8699200000, 6482
15, 8709200000, 62482
16, 8713200000, 4844
17, 8714200000, 273871
18, 8717200000, 69482
19, 8725200000, 87904
20, 8729200000, 89324
1, 8733200000, 4844
2, 8739200000, 6482
3, 8741200000, 7326
4, 8747200000, 4844
5, 8749200000, 7683
6, 8753200000, 5884
7, 8763200000, 33523
8, 8765200000, 7884
9, 8767200000, 77372
10, 8772200000, 4683
11, 8773200000, 5683
12, 8781200000, 4482
13, 8792200000, 38286
14, 8799200000, 8482
15, 8809200000, 64341
16, 8813200000, 4844
17, 8814200000, 4844
18, 8817200000, 548482
19, 8825200000, 5884
20, 8829200000, 5884
1, 8833200000, 282056
2, 8839200000, 4844
3, 8841200000, 7567
4, 8847200000, 4844
5, 8849200000, 5482
6, 8853200000, 4844
7, 8863200000, 308683
8, 8865200000, 43078
9, 8867200000, 72922
10, 8872200000, 88124
11, 8873200000, 8482
12, 8881200000, 3643
13, 8892200000, 4482
14, 8899200000, 5085
15, 8909200000, 4482
16, 8913200000, 67379
17, 8914200000, 46247
18, 8917200000, 4844
19, 8925200000, 180787
20, 8929200000, 60109
1, 8933200000, 7326
2, 8939200000, 48683
3, 8941200000, 4884
4, 8947200000, 5482
5, 8949200000, 4844
6, 8953200000, 5884
7, 8963200000, 246887
8, 8965200000, 4844
9, 8967200000, 5683
10, 8972200000, 483919
11, 8973200000, 5482
12, 8981200000, 3643
13, 8992200000, 4683
14, 8999200000, 4884
15, 9009200000, 3884
16, 9013200000, 4844
17, 9014200000, 4844
18, 9017200000, 5085
19, 9025200000, 4884
20, 9029200000, 8808
1, 9033200000, 335111
2, 9039200000, 4844
3, 9041200000, 4844
4, 9047200000, 308657
5, 9049200000, 6482
6, 9053200000, 10482
7, 9063200000, 5884
8, 9065200000, 23718
9, 9067200000, 49085
10, 9072200000, 60683
11, 9073200000, 4844
12, 9081200000, 3643
13, 9092200000, 4482
14, 9099200000, 4844
15, 9109200000, 4683
16, 9113200000, 16989
17, 9114200000, 90399
18, 9117200000, 5884
19, 9125200000, 334747
20, 9129200000, 4844
1, 9133200000, 4844
2, 9139200000, 97671
3, 9141200000, 7924
4, 9147200000, 4844
5, 9149200000, 4844
6, 9153200000, 5085
7, 9163200000, 5884
8, 9165200000, 4844
9, 9167200000, 47083
10, 9172200000, 122828
11, 9173200000, 67379
12, 9181200000, 360277
13, 9192200000, 3643
14, 9199200000, 6683
15, 9209200000, 3884
16, 9213200000, 7326
17, 9214200000, 57622
18, 9217200000, 5884
19, 9225200000, 7326
20, 9229200000, 4844
1, 9233200000, 23482
2, 9239200000, 5884
3, 9241200000, 7884
4, 9247200000, 618027
5, 9249200000, 111924
6, 9253200000, 4884
7, 9263200000, 4844
8, 9265200000, 5884
9, 9267200000, 4844
10, 9272200000, 6683
11, 9273200000, 6482
12, 9281200000, 3643
13, 9292200000, 3643
14, 9299200000, 5884
15, 9309200000, 42683
16, 9313200000, 4844
17, 9314200000, 4844
18, 9317200000, 4844
19, 9325200000, 5884
20, 9329200000, 4844
1, 9333200000, 238072
2, 9339200000, 5683
3, 9341200000, 4844
4, 9347200000, 4844
5, 9349200000, 4844
6, 9353200000, 4844
7, 9363200000, 419683
8, 9365200000, 12482
9, 9367200000, 5085
10, 9372200000, 81306
11, 9373200000, 6683
12, 9381200000, 3683
13, 9392200000, 5482
14, 9399200000, 4844
15, 9409200000, 3643
16, 9413200000, 4844
17, 9414200000, 7884
18, 9417200000, 5482
19, 9425200000, 4844
20, 9429200000, 4844
1, 9433200000, 4844
2, 9439200000, 5884
3, 9441200000, 5683
4, 9447200000, 5884
5, 9449200000, 5085
6, 9453200000, 4844
7, 9463200000, 4844
8, 9465200000, 4844
9, 9467200000, 5482
10, 9472200000, 3643
11, 9473200000, 4844
12, 9481200000, 4683
13, 9492200000, 7366
14, 9499200000, 4844
15, 9509200000, 3643
16, 9513200000, 125103
17, 9514200000, 7326
18, 9517200000, 96821
19, 9525200000, 5884
20, 9529200000, 5482
1, 9533200000, 7326
2, 9539200000, 77626
3, 9541200000, 186128
4, 9547200000, 439726
5, 9549200000, 7326
6, 9553200000, 5683
7, 9563200000, 4884
8, 9565200000, 8482
9, 9567200000, 4844
10, 9572200000, 535823
11, 9573200000, 30390
12, 9581200000, 108835
13, 9592200000, 3643
14, 9599200000, 4844
15, 9609200000, 3643
16, 9613200000, 4844
17, 9614200000, 5683
18, 9617200000, 549924
19, 9625200000, 50083
20, 9629200000, 7326
1, 9633200000, 40628
2, 9639200000, 65482
3, 9641200000, 7567
4, 9647200000, 7326
5, 9649200000, 5884
6, 9653200000, 4844
7, 9663200000, 548075
8, 9665200000, 5482
9, 9667200000, 5482
10, 9672200000, 4482
11, 9673200000, 107425
12, 9681200000, 45810
13, 9692200000, 3643
14, 9699200000, 5482
15, 9709200000, 3884
16, 9713200000, 5884
17, 9714200000, 170901
18, 9717200000, 65652
19, 9725200000, 4844
20, 9729200000, 4844
1, 9733200000, 4844
2, 9739200000, 4844
3, 9741200000, 7683
4, 9747200000, 6482
5, 9749200000, 13482
6, 9753200000, 4844
7, 9763200000, 38264
8, 9765200000, 56441
9, 9767200000, 4844
10, 9772200000, 67584
11, 9773200000, 4884
12, 9781200000, 3643
13, 9792200000, 3683
14, 9799200000, 556482
15, 9809200000, 18251
16, 9813200000, 4844
17, 9814200000, 5683
18, 9817200000, 36993
19, 9825200000, 50549
20, 9829200000, 4844
1, 9833200000, 4844
2, 9839200000, 156526
3, 9841200000, 353970
4, 9847200000, 4844
5, 9849200000, 193581
6, 9853200000, 4844
7, 9863200000, 60482
8, 9865200000, 4844
9, 9867200000, 5085
10, 9872200000, 3683
11, 9873200000, 7683
12, 9881200000, 66062
13, 9892200000, 4482
14, 9899200000, 4844
15, 9909200000, 3683
16, 9913200000, 5482
17, 9914200000, 4844
18, 9917200000, 5482
19, 9925200000, 4884
20, 9929200000, 4844
1, 9933200000, 62066
2, 9939200000, 8482
3, 9941200000, 4844
4, 9947200000, 5884
5, 9949200000, 5884
6, 9953200000, 4884
7, 9963200000, 13482
8, 9965200000, 4844
9, 9967200000, 4844
10, 9972200000, 235482
11, 9973200000, 16412
12, 9981200000, 37941
13, 9992200000, 3643
14, 9999200000, 4844
15, 10009200000, 32920
16, 10013200000, 5884
17, 10014200000, 151607
18, 10017200000, 4884
19, 10025200000, 5085
20, 10029200000, 8723
1, 10033200000, 7326
2, 10039200000, 5482
3, 10041200000, 44482
4, 10047200000, 4844
5, 10049200000, 5482
6, 10053200000, 8567
7, 10063200000, 4844
8, 10065200000, 4844
9, 10067200000, 5482
10, 10072200000, 3683
11, 10073200000, 5683
12, 10081200000, 4482
13, 10092200000, 4683
14, 10099200000, 64447
15, 10109200000, 4482
16, 10113200000, 8723
17, 10114200000, 4844
18, 10117200000, 102884
19, 10125200000, 6290
20, 10129200000, 5482
